empresa,sector,gestion,trimestre,liquidez_corriente,endeudamiento,solvencia,endeudamiento_patrimonial,crecimiento_patrimonial,crecimiento_activos,score_financiero,clasificacion_financiera
CMI,Comercio,2019,4,1.361194,0.752398,1.329084,3.038652,0.092359,-0.084318,61,Saludable
CMI,Comercio,2020,1,1.954412,0.752149,1.329524,3.034681,0.029785,0.028779,63,Saludable
CMI,Comercio,2020,2,2.018622,0.725381,1.378587,2.641404,0.092475,-0.014014,70,Saludable
CMI,Comercio,2020,3,1.934813,0.701414,1.425692,2.349115,0.119418,0.029565,73,Saludable
CMI,Comercio,2020,4,1.919729,0.673133,1.485591,2.059389,0.058898,-0.032699,72,Saludable
CMI,Comercio,2021,1,2.145213,0.657514,1.520879,1.919869,0.059698,0.011371,74,Saludable
CMI,Comercio,2021,2,1.915143,0.691597,1.445929,2.242512,-0.049264,0.055785,62,Saludable
CMI,Comercio,2021,3,2.214928,0.666912,1.499448,2.002173,0.043868,-0.033511,72,Saludable
CMI,Comercio,2021,4,2.647527,0.68338,1.463314,2.158364,0.031063,0.084713,69,Saludable
CMI,Comercio,2022,1,2.869643,0.684323,1.461299,2.16779,0.033545,0.036629,69,Saludable
CMI,Comercio,2022,2,2.05747,0.719952,1.388981,2.570817,0.012325,0.141119,64,Saludable
CMI,Comercio,2022,3,2.225381,0.723978,1.381257,2.622905,-0.007131,0.007353,63,Saludable
CMI,Comercio,2022,4,2.599249,0.722273,1.384519,2.600703,-0.022057,-0.028046,62,Saludable
CMI,Comercio,2023,1,2.612052,0.715717,1.397199,2.517627,-0.003513,-0.026509,64,Saludable
CMI,Comercio,2023,2,2.147261,0.730976,1.368035,2.717135,0.000394,0.057133,63,Saludable
CMI,Comercio,2023,3,1.87618,0.75158,1.33053,3.025498,-0.0009,0.081988,61,Saludable
CMI,Comercio,2023,4,1.824896,0.747502,1.337788,2.960433,0.007655,-0.008636,62,Saludable
CMI,Comercio,2024,1,1.557982,0.776602,1.287661,3.476311,0.003606,0.134334,59,Observación
CMI,Comercio,2024,2,1.372807,0.795091,1.257717,3.880222,0.002427,0.092879,51,Observación
CMI,Comercio,2024,3,1.299799,0.819736,1.219905,4.54741,0.012365,0.150768,46,Observación
CMI,Comercio,2024,4,1.405215,0.819628,1.220065,4.544111,0.075769,0.075129,56,Observación
CMI,Comercio,2025,1,1.534895,0.802805,1.245633,4.071116,0.029931,-0.057938,59,Observación
CMI,Comercio,2025,2,1.337315,0.811097,1.232898,4.293725,0.02803,0.073158,50,Observación
CMI,Comercio,2025,3,1.258064,0.807752,1.238003,4.201626,0.003614,-0.013847,44,Observación
CMI,Comercio,2025,4,1.435252,0.804355,1.243232,4.111303,0.079136,0.060397,59,Observación
CMI,Comercio,2026,1,1.427219,0.777771,1.285725,3.49987,0.050441,-0.075217,59,Observación
CTM,Servicios,2021,2,5.762693,0.588994,1.697809,1.433057,0.114124,0.050791,84,Excelente
CTM,Servicios,2021,3,3.648432,0.603037,1.658273,1.519126,0.123742,0.163494,82,Excelente
CTM,Servicios,2021,4,2.637599,0.587271,1.702791,1.422899,0.063345,0.022726,81,Excelente
CTM,Servicios,2022,1,2.611826,0.554813,1.802408,1.246249,0.141835,0.058586,87,Excelente
CTM,Servicios,2022,2,2.37542,0.581284,1.720331,1.388251,0.015526,0.079725,78,Saludable
CTM,Servicios,2022,3,1.220177,0.601921,1.661349,1.512062,-0.031313,0.018905,58,Observación
CTM,Servicios,2022,4,1.842884,0.61674,1.621428,1.609198,-0.044023,-0.007057,70,Saludable
CTM,Servicios,2023,1,1.965219,0.639336,1.564122,1.772666,0.02328,0.087389,73,Saludable
CTM,Servicios,2023,2,1.566464,0.656836,1.52245,1.91406,-0.069525,-0.022075,64,Saludable
CTM,Servicios,2023,3,1.381821,0.670831,1.490689,2.037951,-0.043657,-0.002998,59,Observación
CTM,Servicios,2023,4,1.363346,0.675948,1.479404,2.085924,-0.042014,-0.026886,57,Observación
CTM,Servicios,2024,1,1.119653,0.684438,1.461053,2.168948,-0.026733,-0.000548,46,Observación
CTM,Servicios,2024,2,1.081409,0.682656,1.464867,2.151152,0.009116,0.003449,47,Observación
CTM,Servicios,2024,3,0.895767,0.699251,1.430101,2.325036,-0.068457,-0.017054,30,Riesgo
CTM,Servicios,2024,4,0.816234,0.685158,1.459518,2.176195,0.067248,0.019474,38,Riesgo
CTM,Servicios,2025,1,0.995737,0.684605,1.460696,2.170627,-0.008621,-0.010359,41,Observación
CTM,Servicios,2025,2,1.65279,0.603546,1.656875,1.522359,0.417506,0.127682,82,Excelente
CTM,Servicios,2025,3,1.316409,0.613183,1.630835,1.5852,-0.022718,0.001629,62,Saludable
CTM,Servicios,2025,4,2.012105,0.531698,1.880767,1.135374,0.401523,0.157657,90,Excelente
CTM,Servicios,2026,1,2.118906,0.552356,1.810426,1.233918,-0.049391,-0.005522,75,Saludable
NXS,Comercio,2023,1,2.665788,0.623075,1.604944,1.653046,0.05849,0.046664,77,Saludable
NXS,Comercio,2023,2,2.465502,0.630349,1.586424,1.70532,0.050614,0.071331,76,Saludable
NXS,Comercio,2023,3,2.448237,0.624718,1.600721,1.664731,0.024068,0.008703,74,Saludable
NXS,Comercio,2023,4,2.375554,0.623375,1.60417,1.655163,0.03233,0.028608,75,Saludable
NXS,Comercio,2024,1,2.32195,0.630085,1.587089,1.70332,-0.003629,0.014442,71,Saludable
NXS,Comercio,2024,2,2.325854,0.620692,1.611105,1.636379,0.073489,0.046907,79,Saludable
NXS,Comercio,2024,3,2.293978,0.606225,1.649553,1.539521,0.070311,0.030988,80,Excelente
NXS,Comercio,2024,4,3.322647,0.624067,1.602391,1.660051,0.039107,0.088425,75,Saludable
NXS,Comercio,2025,1,3.044306,0.633406,1.578766,1.727813,-0.009381,0.015854,71,Saludable
NXS,Comercio,2025,2,2.852511,0.633706,1.578019,1.730048,0.017561,0.018395,73,Saludable
NXS,Comercio,2025,3,3.012853,0.645203,1.549899,1.818515,0.023841,0.057019,72,Saludable
NXS,Comercio,2025,4,2.437887,0.636518,1.571048,1.751166,0.031248,0.006606,74,Saludable
NXS,Comercio,2026,1,2.161448,0.665779,1.502,1.992031,0.004965,0.092949,69,Saludable
BPC,Eléctricas,2013,2,1.237504,0.147657,6.772453,0.173237,0.014992,0.008701,80,Excelente
BPC,Eléctricas,2013,3,0.996959,0.140032,7.141217,0.162834,0.013893,0.004904,68,Saludable
BPC,Eléctricas,2013,4,1.08329,0.147596,6.77527,0.173152,0.018224,0.027259,73,Saludable
BPC,Eléctricas,2014,1,1.657857,0.186957,5.348832,0.229947,-0.027811,0.019255,90,Excelente
BPC,Eléctricas,2014,2,1.270282,0.186232,5.369644,0.228852,0.016283,0.015377,82,Excelente
BPC,Eléctricas,2014,3,1.051826,0.176583,5.663064,0.214451,0.019186,0.007243,71,Saludable
BPC,Eléctricas,2014,4,1.882577,0.221405,4.516607,0.284365,0.011554,0.069787,93,Excelente
BPC,Eléctricas,2015,1,2.24972,0.208626,4.793259,0.263626,0.018071,0.001632,93,Excelente
BPC,Eléctricas,2015,3,2.06248,0.197255,5.069575,0.245726,0.005057,-0.009632,92,Excelente
BPC,Eléctricas,2016,3,1.549017,0.189877,5.266566,0.234381,0.008165,-0.018333,93,Excelente
BPC,Eléctricas,2016,4,2.043706,0.22402,4.463895,0.288692,-0.022925,0.020066,90,Excelente
BPC,Eléctricas,2017,1,2.245313,0.220033,4.544766,0.282106,-0.012754,-0.0178,91,Excelente
BPC,Eléctricas,2017,2,2.120193,0.216637,4.616011,0.276548,-0.000891,-0.005223,92,Excelente
BPC,Eléctricas,2017,3,1.933396,0.215111,4.64876,0.274066,-0.005423,-0.007357,92,Excelente
BPC,Eléctricas,2017,4,1.756952,0.215428,4.641917,0.274581,-0.004917,-0.004516,92,Excelente
BPC,Eléctricas,2018,1,1.612573,0.20844,4.797544,0.263328,-0.010092,-0.018831,91,Excelente
BPC,Eléctricas,2018,2,1.388543,0.206419,4.844524,0.26011,-0.010029,-0.012551,86,Excelente
BPC,Eléctricas,2018,3,1.381654,0.201712,4.957564,0.252681,0.001636,-0.004269,86,Excelente
BPC,Eléctricas,2018,4,1.206536,0.203377,4.916986,0.255298,-0.005865,-0.003788,77,Saludable
BPC,Eléctricas,2019,1,1.12877,0.201253,4.968875,0.251961,-0.014771,-0.017391,72,Saludable
BPC,Eléctricas,2019,2,1.109278,0.201076,4.973244,0.251683,-0.002806,-0.003027,72,Saludable
BPC,Eléctricas,2019,3,1.636249,0.194261,5.147712,0.241097,0.004058,-0.004434,92,Excelente
BPC,Eléctricas,2019,4,1.108254,0.20745,4.820447,0.26175,-0.032794,-0.016699,70,Saludable
BPC,Eléctricas,2020,1,0.735471,0.204356,4.893433,0.256843,0.011675,0.00774,58,Observación
BPC,Eléctricas,2020,2,0.901012,0.220626,4.532551,0.283082,0.000578,0.021467,62,Saludable
BPC,Eléctricas,2020,3,0.864377,0.224093,4.462435,0.288814,-0.003898,0.000552,60,Saludable
BPC,Eléctricas,2020,4,0.689864,0.218251,4.581889,0.279182,-0.010785,-0.018178,56,Observación
BPC,Eléctricas,2021,1,0.628049,0.215335,4.643929,0.274429,-0.00209,-0.005797,57,Observación
BPC,Eléctricas,2021,2,0.978289,0.241113,4.147427,0.31772,-0.005829,0.027941,65,Saludable
BPC,Eléctricas,2021,3,0.806296,0.239276,4.179275,0.314537,-0.010276,-0.012666,56,Observación
BPC,Eléctricas,2021,4,0.944649,0.247734,4.036586,0.329317,-0.003019,0.00819,64,Saludable
BPC,Eléctricas,2022,1,0.580516,0.214978,4.651636,0.27385,0.002504,-0.039327,57,Observación
BPC,Eléctricas,2022,2,0.800555,0.209061,4.783302,0.264319,-0.000933,-0.008408,57,Observación
BPC,Eléctricas,2022,3,0.740965,0.213959,4.673786,0.272199,-0.009342,-0.003168,56,Observación
BPC,Eléctricas,2022,4,0.603416,0.204023,4.901402,0.256318,-0.008979,-0.02135,56,Observación
BPC,Eléctricas,2023,1,0.630538,0.195333,5.119463,0.24275,0.016259,0.005284,58,Observación
BPC,Eléctricas,2023,2,0.708515,0.195739,5.108853,0.243377,0.000662,0.001167,57,Observación
BPC,Eléctricas,2023,3,0.743097,0.189545,5.275782,0.233875,-0.001759,-0.009387,57,Observación
BPC,Eléctricas,2023,4,0.650884,0.186416,5.364334,0.22913,-0.000991,-0.004833,57,Observación
BPC,Eléctricas,2024,1,0.63969,0.170108,5.878629,0.204976,0.011311,-0.008563,58,Observación
BPC,Eléctricas,2024,2,0.763944,0.162246,6.163469,0.193668,0.002027,-0.007376,57,Observación
BPC,Eléctricas,2024,3,0.752497,0.159618,6.264971,0.189935,0.000455,-0.002674,57,Observación
BPC,Eléctricas,2024,4,0.706222,0.158303,6.31698,0.188077,-0.012113,-0.013656,56,Observación
BPC,Eléctricas,2025,1,0.817143,0.152995,6.536148,0.180631,0.012072,0.005729,59,Observación
BPC,Eléctricas,2025,2,0.704476,0.140979,7.093245,0.164116,0.00461,-0.009442,57,Observación
BPC,Eléctricas,2025,3,0.661886,0.127677,7.832259,0.146364,0.010429,-0.004979,58,Observación
BPC,Eléctricas,2025,4,0.616361,0.121849,8.206884,0.138756,-0.006797,-0.013389,56,Observación
DTC,Comercio,2025,2,1.363592,0.668817,1.495177,2.019479,-0.027055,-0.008628,59,Observación
DTC,Comercio,2025,3,1.353796,0.682599,1.464989,2.15059,0.11604,0.1645,68,Saludable
DTC,Comercio,2025,4,1.115959,0.668399,1.496113,2.015671,0.051397,0.006373,53,Observación
DTC,Comercio,2026,1,1.105755,0.667359,1.498443,2.006247,-0.05381,-0.056767,44,Observación
EEO,Eléctricas,2013,2,0.744089,0.543505,1.839908,1.190606,0.090835,0.055427,53,Observación
EEO,Eléctricas,2013,3,0.75877,0.510948,1.957146,1.044783,0.073218,0.001781,55,Observación
EEO,Eléctricas,2013,4,0.7617,0.527425,1.896003,1.116068,0.026904,0.062699,49,Observación
EEO,Eléctricas,2014,1,0.779504,0.481002,2.078992,0.926791,0.070535,-0.025221,57,Observación
EEO,Eléctricas,2014,2,0.837644,0.4653,2.149153,0.870207,0.075912,0.044315,60,Saludable
EEO,Eléctricas,2014,3,0.845469,0.449769,2.223363,0.817425,0.042827,0.013401,59,Observación
EEO,Eléctricas,2014,4,0.767592,0.468379,2.135021,0.881041,0.021004,0.056737,54,Observación
EEO,Eléctricas,2015,1,0.6786,0.498116,2.007565,0.992492,-0.051885,0.00429,46,Observación
EEO,Eléctricas,2015,2,0.69704,0.484697,2.063143,0.940607,0.049376,0.02205,55,Observación
EEO,Eléctricas,2015,3,0.740918,0.466218,2.144919,0.873424,0.05748,0.02087,57,Observación
EEO,Eléctricas,2015,4,0.783906,0.446035,2.241978,0.805167,0.087881,0.048244,61,Saludable
EEO,Eléctricas,2016,1,0.667479,0.519884,1.923507,1.082829,-0.130515,0.003225,37,Riesgo
EEO,Eléctricas,2016,2,0.731744,0.506684,1.973617,1.027098,0.070098,0.041465,55,Observación
EEO,Eléctricas,2016,3,0.756996,0.453525,2.204952,0.829914,0.074872,-0.029681,59,Observación
EEO,Eléctricas,2016,4,0.78645,0.516454,1.936282,1.068061,-0.0013,0.128672,48,Observación
EEO,Eléctricas,2017,1,0.754807,0.515047,1.94157,1.062056,-0.022731,-0.025573,47,Observación
EEO,Eléctricas,2017,2,0.742157,0.50661,1.973906,1.026794,0.00199,-0.015144,49,Observación
EEO,Eléctricas,2017,3,0.725588,0.514424,1.943921,1.059403,-0.014554,0.001297,47,Observación
EEO,Eléctricas,2017,4,0.61629,0.568648,1.758557,1.318292,0.047324,0.178988,47,Observación
EEO,Eléctricas,2018,1,0.591706,0.571916,1.748509,1.33599,-0.017563,-0.010063,41,Observación
EEO,Eléctricas,2018,2,0.631176,0.564599,1.771168,1.296734,0.055971,0.038226,48,Observación
EEO,Eléctricas,2018,3,0.653194,0.546903,1.828479,1.207031,0.050909,0.009864,49,Observación
EEO,Eléctricas,2018,4,0.645791,0.543756,1.839061,1.191809,0.057244,0.049952,50,Observación
EEO,Eléctricas,2019,1,0.556433,0.558556,1.790331,1.265292,-0.048673,-0.016778,40,Observación
EEO,Eléctricas,2019,2,0.58727,0.552027,1.811506,1.232278,0.077338,0.061637,51,Observación
EEO,Eléctricas,2019,3,0.612156,0.552299,1.810613,1.233627,0.049307,0.049939,48,Observación
EEO,Eléctricas,2019,4,0.629453,0.540132,1.851398,1.174532,0.059466,0.031436,50,Observación
EEO,Eléctricas,2020,1,0.685317,0.544172,1.837655,1.193809,0.035439,0.044621,48,Observación
EEO,Eléctricas,2020,2,0.744667,0.568345,1.759493,1.316667,0.022588,0.079855,45,Observación
EEO,Eléctricas,2020,3,0.712825,0.68856,1.452306,2.210893,-0.178193,0.139022,19,Riesgo
EEO,Eléctricas,2020,4,0.642342,0.71237,1.403765,2.476687,-0.108727,-0.034949,20,Riesgo
EEO,Eléctricas,2021,1,0.622911,0.701598,1.425318,2.351179,-0.008605,-0.044394,29,Riesgo
EEO,Eléctricas,2021,2,0.645254,0.684281,1.461389,2.167371,0.068216,0.009626,37,Riesgo
EEO,Eléctricas,2021,3,0.66187,0.657012,1.522042,1.915553,0.072685,-0.012598,40,Observación
EEO,Eléctricas,2021,4,0.654441,0.636465,1.571179,1.750764,0.033105,-0.025287,39,Riesgo
EEO,Eléctricas,2022,1,0.658653,0.656398,1.523465,1.910346,-0.035363,0.020599,31,Riesgo
EEO,Eléctricas,2022,2,0.688098,0.635573,1.573384,1.744031,0.065891,0.00498,42,Observación
EEO,Eléctricas,2022,3,0.626886,0.621477,1.609071,1.641836,0.046514,0.007537,41,Observación
EEO,Eléctricas,2022,4,0.706568,0.564453,1.771625,1.295966,0.00802,-0.123949,44,Observación
EEO,Eléctricas,2023,1,0.707861,0.589896,1.695215,1.438405,-0.029896,0.030288,38,Riesgo
EEO,Eléctricas,2023,2,0.930375,0.595006,1.680657,1.469169,0.071414,0.084932,52,Observación
EEO,Eléctricas,2023,3,1.163235,0.60281,1.658898,1.517678,0.061538,0.08239,62,Saludable
EEO,Eléctricas,2023,4,0.742353,0.585033,1.709307,1.409828,0.042843,-0.001828,45,Observación
EEO,Eléctricas,2024,1,0.731093,0.625266,1.599319,1.66856,-0.091379,0.006175,30,Riesgo
EEO,Eléctricas,2024,2,0.77702,0.603405,1.657262,1.521462,0.032926,-0.024011,42,Observación
EEO,Eléctricas,2024,3,0.834861,0.579881,1.724492,1.380278,0.054571,-0.004477,48,Observación
EEO,Eléctricas,2024,4,1.075571,0.560458,1.784254,1.275097,0.121968,0.07239,65,Saludable
EEO,Eléctricas,2025,1,1.019976,0.583281,1.714439,1.399699,-0.064135,-0.01288,47,Observación
EEO,Eléctricas,2025,2,0.972397,0.568971,1.75756,1.320027,0.038752,0.004265,54,Observación
EEO,Eléctricas,2025,3,1.028603,0.554779,1.80252,1.246074,0.065211,0.031256,61,Saludable
EEO,Eléctricas,2025,4,1.061817,0.511862,1.953652,1.0486,0.065363,-0.028303,67,Saludable
EEO,Eléctricas,2026,1,0.798192,0.566919,1.763921,1.309036,-0.149914,-0.041843,31,Riesgo
ELP,Eléctricas,2013,2,2.020954,0.485181,2.061087,0.94243,0.067348,0.009877,91,Excelente
ELP,Eléctricas,2013,3,1.915189,0.4827,2.071681,0.933112,0.055787,0.050721,91,Excelente
ELP,Eléctricas,2013,4,1.963596,0.466275,2.144659,0.873622,0.043539,0.011426,91,Excelente
ELP,Eléctricas,2014,1,1.456399,0.522447,1.914072,1.094006,-0.048009,0.063968,77,Saludable
ELP,Eléctricas,2014,2,1.581629,0.499669,2.001324,0.998678,0.040706,-0.006671,88,Excelente
ELP,Eléctricas,2014,3,1.614197,0.475592,2.102643,0.906912,0.058472,0.009874,91,Excelente
ELP,Eléctricas,2014,4,1.497712,0.477472,2.094365,0.913773,0.022333,0.026012,88,Excelente
ELP,Eléctricas,2015,1,1.266247,0.518747,1.927722,1.07791,-0.034341,0.048479,69,Saludable
ELP,Eléctricas,2015,2,1.329437,0.495702,2.017341,0.982954,0.052236,0.004151,81,Excelente
ELP,Eléctricas,2015,3,1.252267,0.494483,2.022314,0.978173,0.030766,0.02828,75,Saludable
ELP,Eléctricas,2015,4,1.00175,0.53376,1.873502,1.144818,0.022067,0.108168,58,Observación
ELP,Eléctricas,2016,1,0.903011,0.546662,1.829285,1.205858,-0.05146,-0.024465,46,Observación
ELP,Eléctricas,2016,2,1.076812,0.530447,1.885204,1.129685,0.041744,0.005771,64,Saludable
ELP,Eléctricas,2016,3,1.116969,0.530495,1.88503,1.129904,0.043491,0.043597,66,Saludable
ELP,Eléctricas,2016,4,1.288825,0.51674,1.935209,1.069279,0.031767,0.0024,75,Saludable
ELP,Eléctricas,2017,1,1.176217,0.557431,1.793944,1.259534,-0.043614,0.044319,59,Observación
ELP,Eléctricas,2017,2,1.205019,0.546249,1.830667,1.203852,0.022732,-0.002471,67,Saludable
ELP,Eléctricas,2017,3,1.364097,0.527395,1.896112,1.115932,0.041594,4.1e-05,79,Saludable
ELP,Eléctricas,2017,4,0.939731,0.523459,1.910369,1.098455,0.041862,0.033257,58,Observación
ELP,Eléctricas,2018,1,0.903221,0.530558,1.884809,1.130187,-0.012076,0.002863,51,Observación
ELP,Eléctricas,2018,2,1.040366,0.518271,1.929491,1.075858,0.042846,0.016249,63,Saludable
ELP,Eléctricas,2018,3,1.474495,0.507286,1.971273,1.029575,0.042642,0.019395,86,Excelente
ELP,Eléctricas,2018,4,1.054793,0.491711,2.033717,0.967383,0.03468,0.002974,66,Saludable
ELP,Eléctricas,2019,1,0.947683,0.522447,1.914071,1.094007,-0.036567,0.025442,52,Observación
ELP,Eléctricas,2019,2,1.074092,0.515498,1.939871,1.063976,0.033027,0.018212,65,Saludable
ELP,Eléctricas,2019,3,1.026648,0.50748,1.97052,1.030375,0.039423,0.022501,64,Saludable
ELP,Eléctricas,2019,4,0.816854,0.530068,1.88655,1.127966,0.018358,0.067306,49,Observación
ELP,Eléctricas,2020,1,0.743742,0.580737,1.72195,1.385138,-0.076435,0.035182,35,Riesgo
ELP,Eléctricas,2020,2,0.908757,0.593201,1.685769,1.458218,0.017982,0.049173,47,Observación
ELP,Eléctricas,2020,3,0.99376,0.591057,1.691885,1.445327,0.019605,0.014258,52,Observación
ELP,Eléctricas,2020,4,1.140814,0.546948,1.828329,1.20725,0.047711,-0.054294,66,Saludable
ELP,Eléctricas,2021,1,1.118575,0.563151,1.775722,1.289121,-0.033755,0.002085,57,Observación
ELP,Eléctricas,2021,2,1.101291,0.544487,1.836592,1.195326,0.033571,-0.008779,63,Saludable
ELP,Eléctricas,2021,3,1.129643,0.522111,1.9153,1.092538,0.045893,-0.003078,68,Saludable
ELP,Eléctricas,2021,4,0.977448,0.524525,1.906485,1.103162,-0.000816,0.004257,56,Observación
ELP,Eléctricas,2022,1,0.845388,0.584989,1.709434,1.409575,-0.08859,0.044195,36,Riesgo
ELP,Eléctricas,2022,2,0.917874,0.557389,1.794079,1.259321,0.019271,-0.044287,51,Observación
ELP,Eléctricas,2022,3,1.005858,0.545309,1.833821,1.199298,0.050537,0.022627,60,Saludable
ELP,Eléctricas,2022,4,0.979885,0.519462,1.925069,1.081,0.037317,-0.018479,60,Saludable
ELP,Eléctricas,2023,1,0.829308,0.592882,1.686677,1.456289,-0.103146,0.058593,34,Riesgo
ELP,Eléctricas,2023,2,0.815288,0.544464,1.836668,1.195217,0.068901,-0.04471,52,Observación
ELP,Eléctricas,2023,3,0.931417,0.527088,1.897216,1.114559,0.053642,0.014929,58,Observación
ELP,Eléctricas,2023,4,0.927386,0.537787,1.859474,1.163503,0.024111,0.047815,54,Observación
ELP,Eléctricas,2024,1,0.789612,0.598654,1.670413,1.491617,-0.103976,0.031914,31,Riesgo
ELP,Eléctricas,2024,2,0.809206,0.565944,1.766958,1.303852,0.045,-0.033749,47,Observación
ELP,Eléctricas,2024,3,0.970018,0.549163,1.820954,1.218095,0.04495,0.006054,57,Observación
ELP,Eléctricas,2024,4,0.984613,0.536319,1.864562,1.156656,0.042262,0.013392,59,Observación
ELP,Eléctricas,2025,1,0.888771,0.583926,1.712545,1.40342,-0.064918,0.042073,40,Observación
ELP,Eléctricas,2025,2,0.929095,0.544961,1.834994,1.197614,0.056114,-0.034321,56,Observación
ELP,Eléctricas,2025,3,0.955303,0.523216,1.911256,1.097386,0.070209,0.0214,61,Saludable
ELP,Eléctricas,2025,4,0.953344,0.528167,1.89334,1.119395,0.021272,0.031989,56,Observación
ELP,Eléctricas,2026,1,0.78063,0.582323,1.717259,1.394196,-0.109107,0.006407,33,Riesgo
DMT,Comercio,2020,1,2.493877,0.553876,1.805457,1.241531,0.010679,0.062779,80,Excelente
DMT,Comercio,2020,2,2.392731,0.558797,1.789559,1.266521,-0.034515,-0.023754,76,Saludable
DMT,Comercio,2020,3,2.665497,0.527052,1.897344,1.114399,-0.013762,-0.079953,81,Excelente
DMT,Comercio,2020,4,2.707644,0.499484,2.002067,0.997938,0.090419,0.030359,92,Excelente
DMT,Comercio,2021,1,2.109663,0.559292,1.787975,1.269075,-0.042246,0.087729,75,Saludable
DMT,Comercio,2021,2,2.28468,0.535719,1.866651,1.153867,0.075608,0.020996,87,Excelente
DMT,Comercio,2021,3,2.163917,0.541734,1.845924,1.182139,0.046509,0.060245,84,Excelente
DMT,Comercio,2021,4,2.145655,0.525268,1.903791,1.10645,0.087198,0.049488,89,Excelente
DMT,Comercio,2022,1,1.596094,0.644085,1.55259,1.809671,-0.172254,0.104084,58,Observación
DMT,Comercio,2022,2,2.456153,0.628805,1.590318,1.694002,0.037927,-0.004805,75,Saludable
DMT,Comercio,2022,3,2.55086,0.617405,1.619682,1.613721,0.01458,-0.015657,74,Saludable
DMT,Comercio,2022,4,2.212966,0.618345,1.61722,1.620168,0.057986,0.060598,78,Saludable
DMT,Comercio,2023,1,2.003003,0.650789,1.536597,1.863594,-0.07722,0.00851,64,Saludable
DMT,Comercio,2023,2,1.748117,0.670873,1.490596,2.038338,0.007193,0.068655,69,Saludable
DMT,Comercio,2023,3,1.907874,0.664709,1.504418,1.982482,0.016997,-0.001699,70,Saludable
DMT,Comercio,2023,4,2.04981,0.650197,1.537995,1.858765,0.10575,0.059884,78,Saludable
DMT,Comercio,2024,1,1.849424,0.686277,1.457137,2.187526,-0.089813,0.014857,59,Observación
DMT,Comercio,2024,2,1.898176,0.67093,1.490468,2.038869,0.032201,-0.015938,71,Saludable
DMT,Comercio,2024,3,1.865384,0.648744,1.54144,1.846928,0.187079,0.1121,78,Saludable
DMT,Comercio,2024,4,2.289072,0.670125,1.492258,2.031455,0.090745,0.161443,75,Saludable
DMT,Comercio,2025,1,2.115775,0.673791,1.48414,2.065517,-0.049505,-0.038825,64,Saludable
DMT,Comercio,2025,2,1.929542,0.667729,1.497613,2.009593,0.089575,0.069698,75,Saludable
DMT,Comercio,2025,3,1.910238,0.62913,1.589497,1.696363,0.157917,0.037404,80,Excelente
DMT,Comercio,2025,4,1.716502,0.664784,1.504248,1.98315,0.035193,0.145297,71,Saludable
DMT,Comercio,2026,1,1.544497,0.717538,1.393654,2.540303,-0.238804,-0.096638,52,Observación
DIN,Industrial,2013,2,2.406668,0.442962,2.257532,0.795209,0.083545,0.039455,96,Excelente
DIN,Industrial,2013,3,2.370635,0.429821,2.326551,0.753834,0.020063,-0.003447,92,Excelente
DIN,Industrial,2013,4,2.256991,0.437096,2.287826,0.776502,0.047084,0.060617,93,Excelente
DIN,Industrial,2014,1,2.249472,0.430702,2.321791,0.756549,0.033905,0.022293,93,Excelente
DIN,Industrial,2014,2,2.127473,0.440906,2.268056,0.788609,0.016741,0.035298,90,Excelente
DIN,Industrial,2014,3,2.192839,0.422999,2.36407,0.7331,0.050224,0.017631,94,Excelente
DIN,Industrial,2014,4,2.487044,0.378375,2.642882,0.608686,0.036142,-0.038239,95,Excelente
DIN,Industrial,2015,1,2.632193,0.347982,2.873713,0.533698,0.057037,0.007761,97,Excelente
DIN,Industrial,2015,2,2.280632,0.399447,2.50346,0.665132,0.0251,0.112951,94,Excelente
DIN,Industrial,2015,3,2.459657,0.370503,2.69903,0.588571,0.011067,-0.035421,93,Excelente
DIN,Industrial,2015,4,3.230448,0.417204,2.396907,0.715865,0.097369,0.185301,99,Excelente
DIN,Industrial,2016,1,3.213044,0.399959,2.500258,0.666552,0.033946,0.004233,95,Excelente
DIN,Industrial,2016,2,3.20281,0.401391,2.491338,0.670539,0.035348,0.037825,95,Excelente
DIN,Industrial,2016,3,3.081268,0.402227,2.486159,0.672876,0.015565,0.016986,93,Excelente
DIN,Industrial,2016,4,3.352481,0.378819,2.639785,0.609836,0.057686,0.017829,97,Excelente
DIN,Industrial,2017,1,4.066869,0.414567,2.412155,0.708137,0.061367,0.126177,96,Excelente
DIN,Industrial,2017,2,3.661481,0.425934,2.34778,0.741961,-0.003347,0.016388,90,Excelente
DIN,Industrial,2017,3,4.064984,0.400766,2.495221,0.668796,0.04455,0.000675,96,Excelente
DIN,Industrial,2017,4,4.389953,0.376187,2.658253,0.603044,0.070128,0.027965,98,Excelente
DIN,Industrial,2018,1,3.629063,0.391734,2.552754,0.644017,0.037513,0.064032,95,Excelente
DIN,Industrial,2018,2,3.548255,0.388853,2.571667,0.636267,0.00147,-0.003251,92,Excelente
DIN,Industrial,2018,3,3.708153,0.38786,2.578253,0.633612,-0.005119,-0.006733,92,Excelente
DIN,Industrial,2018,4,3.827307,0.381663,2.620114,0.617241,0.042558,0.03211,95,Excelente
DIN,Industrial,2019,1,3.867388,0.380135,2.630643,0.613256,0.006259,0.003781,93,Excelente
DIN,Industrial,2019,2,4.072037,0.384789,2.598824,0.62546,0.016028,0.023713,93,Excelente
DIN,Industrial,2019,3,3.841912,0.39572,2.527039,0.654862,-0.034307,-0.016839,89,Excelente
DIN,Industrial,2019,4,4.645127,0.356455,2.805404,0.553893,0.073701,0.00819,98,Excelente
DIN,Industrial,2020,1,4.468247,0.357398,2.798005,0.556172,0.040158,0.041684,95,Excelente
DIN,Industrial,2020,2,3.922753,0.369679,2.705048,0.586494,0.064508,0.08525,97,Excelente
DIN,Industrial,2020,3,4.797143,0.349779,2.858951,0.537938,0.055907,0.023591,96,Excelente
DIN,Industrial,2020,4,7.052597,0.296573,3.371848,0.421612,0.055515,-0.024321,96,Excelente
DIN,Industrial,2021,1,6.515882,0.305519,3.273122,0.439924,-0.01062,0.002124,91,Excelente
DIN,Industrial,2021,2,5.331014,0.329438,3.035472,0.491287,0.018603,0.054939,93,Excelente
DIN,Industrial,2021,3,6.071544,0.305772,3.270409,0.44045,0.036218,0.000894,95,Excelente
DIN,Industrial,2021,4,6.433447,0.28593,3.497354,0.400424,0.037497,0.008667,95,Excelente
DIN,Industrial,2022,1,5.954422,0.282672,3.537675,0.394062,0.011917,0.007319,93,Excelente
DIN,Industrial,2022,2,4.960043,0.305883,3.269229,0.440678,-0.028925,0.003548,90,Excelente
DIN,Industrial,2022,3,5.144592,0.353718,2.827113,0.547312,0.025661,0.101576,94,Excelente
DIN,Industrial,2022,4,4.036763,0.335386,2.981636,0.504634,0.029314,0.000924,94,Excelente
DIN,Industrial,2023,1,4.226482,0.346642,2.884824,0.530553,0.002967,0.020243,92,Excelente
DIN,Industrial,2023,2,3.803127,0.356918,2.801766,0.555011,-0.010697,0.005113,91,Excelente
DIN,Industrial,2023,3,4.480098,0.331826,3.013623,0.496617,0.033276,-0.005525,95,Excelente
DIN,Industrial,2023,4,4.086026,0.324699,3.079775,0.480821,0.01328,0.002585,93,Excelente
DIN,Industrial,2024,1,3.966504,0.350422,2.853705,0.53946,0.012902,0.053012,93,Excelente
DIN,Industrial,2024,2,2.707005,0.417328,2.396199,0.71623,-0.118204,-0.016951,81,Excelente
DIN,Industrial,2024,3,2.430748,0.44601,2.242103,0.805086,-0.048881,0.000362,85,Excelente
DIN,Industrial,2024,4,3.375267,0.422696,2.365766,0.73219,0.029918,-0.011674,93,Excelente
DIN,Industrial,2025,1,2.776551,0.428155,2.335602,0.748726,-0.021852,-0.012515,88,Excelente
DIN,Industrial,2025,2,2.214592,0.503495,1.986119,1.014076,-0.037333,0.108741,82,Excelente
DIN,Industrial,2025,3,2.541208,0.447359,2.235341,0.809493,0.06101,-0.046764,94,Excelente
DIN,Industrial,2025,4,2.712129,0.445603,2.244151,0.803761,0.134801,0.131206,97,Excelente
DIN,Industrial,2026,1,2.741169,0.440505,2.270123,0.787325,0.012053,0.002831,90,Excelente
VID,Servicios,2013,2,0.256775,0.477214,2.095496,0.912793,0.007373,-0.036118,52,Observación
VID,Servicios,2013,3,0.17929,0.4962,2.015315,0.984875,-0.060461,-0.025055,45,Observación
VID,Servicios,2013,4,0.142587,0.483108,2.06993,0.93464,0.018812,-0.006952,53,Observación
VID,Servicios,2014,1,0.04951,0.438941,2.27821,0.782344,0.002522,-0.076398,54,Observación
VID,Servicios,2014,2,0.049079,0.441459,2.265216,0.790379,0.006978,0.011518,55,Observación
VID,Servicios,2014,3,0.042867,0.441161,2.266747,0.789423,0.010958,0.010419,55,Observación
VID,Servicios,2014,4,0.041706,0.442649,2.259124,0.794203,0.003666,0.006347,54,Observación
VID,Servicios,2015,1,0.041808,0.445102,2.246677,0.802132,0.005559,0.010003,54,Observación
VID,Servicios,2015,2,0.043139,0.449607,2.224166,0.816883,0.000118,0.008304,54,Observación
VID,Servicios,2015,3,0.041669,0.454347,2.200962,0.832666,-0.004777,0.003868,53,Observación
VID,Servicios,2015,4,0.04004,0.457193,2.187262,0.842308,0.000516,0.005801,53,Observación
VID,Servicios,2016,1,0.045021,0.46472,2.151835,0.868145,-0.00793,0.00594,52,Observación
VID,Servicios,2016,2,0.040319,0.4823,2.0734,0.931619,-0.028577,0.00445,49,Observación
VID,Servicios,2016,3,0.039861,0.487676,2.050541,0.951891,-0.004526,0.005921,51,Observación
VID,Servicios,2016,4,0.039254,0.491574,2.034282,0.966854,-0.002439,0.005209,50,Observación
VID,Servicios,2017,1,0.039244,0.496492,2.01413,0.986026,-0.003812,0.005877,50,Observación
VID,Servicios,2017,2,0.039335,0.502307,1.990816,1.009269,-0.008401,0.003225,49,Observación
VID,Servicios,2017,3,0.038646,0.50802,1.968426,1.032604,-0.009437,0.002067,48,Observación
VID,Servicios,2017,4,0.037245,0.512991,1.949351,1.053352,-0.006351,0.003791,48,Observación
VID,Servicios,2018,1,0.040284,0.518975,1.926875,1.078941,-0.007287,0.005105,47,Observación
VID,Servicios,2018,2,0.078619,0.453505,2.205049,0.829842,0.157667,0.018934,61,Saludable
VID,Servicios,2018,3,0.058029,0.405005,2.469105,0.68071,0.078164,-0.009686,63,Saludable
VID,Servicios,2018,4,0.037052,0.366736,2.72676,0.579119,0.053444,-0.010251,61,Saludable
VID,Servicios,2019,1,0.088764,0.355294,2.814571,0.551094,0.036695,0.018296,60,Saludable
VID,Servicios,2019,2,0.100958,0.323432,3.091839,0.478048,0.050102,0.00065,61,Saludable
VID,Servicios,2019,3,0.067926,0.278634,3.588934,0.38627,0.05236,-0.012965,61,Saludable
VID,Servicios,2019,4,0.085488,0.242895,4.116998,0.320822,0.054514,0.004707,61,Saludable
VID,Servicios,2020,1,0.135783,0.250025,3.999596,0.333387,0.004297,0.013872,57,Observación
VID,Servicios,2020,2,0.099791,0.235672,4.243185,0.308331,0.008395,-0.010594,58,Observación
VID,Servicios,2020,3,0.05738,0.217473,4.598274,0.277911,0.012194,-0.01132,58,Observación
VID,Servicios,2020,4,0.055968,0.215614,4.637908,0.274883,-0.000685,-0.003053,57,Observación
VID,Servicios,2021,1,0.069607,0.226018,4.424426,0.29202,-0.013243,2.1e-05,56,Observación
VID,Servicios,2021,2,0.050081,0.220577,4.533573,0.283,-0.001096,-0.00807,57,Observación
VID,Servicios,2021,3,0.04463,0.217449,4.598787,0.277871,0.000348,-0.003651,57,Observación
VID,Servicios,2021,4,0.057769,0.217749,4.592447,0.278354,0.000187,0.000544,57,Observación
VID,Servicios,2022,1,0.068727,0.219858,4.548387,0.281818,-0.002514,0.000209,57,Observación
VID,Servicios,2022,2,0.060689,0.216171,4.625972,0.275788,0.000375,-0.004331,57,Observación
VID,Servicios,2022,3,0.099281,0.220271,4.539854,0.282498,0.001206,0.006472,57,Observación
VID,Servicios,2022,4,0.04655,0.20396,4.902921,0.256212,0.030175,0.00904,59,Observación
VID,Servicios,2023,1,0.076186,0.207695,4.81476,0.262133,0.003587,0.008317,57,Observación
VID,Servicios,2023,2,0.097867,0.207998,4.807745,0.262616,0.008417,0.008803,58,Observación
VID,Servicios,2023,3,0.124321,0.207646,4.815881,0.262069,0.010709,0.010312,58,Observación
VID,Servicios,2023,4,0.069262,0.19636,5.092696,0.244338,0.005183,-0.008959,57,Observación
VID,Servicios,2024,1,0.131093,0.203902,4.904318,0.256127,0.006353,0.015887,58,Observación
VID,Servicios,2024,2,0.06508,0.187774,5.325565,0.231184,0.011638,-0.00845,58,Observación
VID,Servicios,2024,3,0.107859,0.190486,5.249743,0.235308,0.012937,0.01633,58,Observación
VID,Servicios,2024,4,0.161889,0.192258,5.201356,0.238018,0.024282,0.026529,59,Observación
VID,Servicios,2025,1,0.105718,0.181264,5.516828,0.221394,0.026077,0.012299,59,Observación
VID,Servicios,2025,2,0.123339,0.175645,5.693298,0.21307,0.043304,0.036193,60,Saludable
VID,Servicios,2025,3,0.092555,0.160171,6.243337,0.190718,0.064287,0.044677,62,Saludable
VID,Servicios,2025,4,0.131164,0.156328,6.396818,0.185294,0.060375,0.055545,62,Saludable
VID,Servicios,2026,1,0.162131,0.153004,6.535756,0.180644,0.051722,0.047596,61,Saludable
ELF,Eléctricas,2013,2,1.512873,0.39358,2.540781,0.649022,0.037494,0.019785,95,Excelente
ELF,Eléctricas,2013,3,1.563261,0.389065,2.570266,0.636835,0.036783,0.029121,95,Excelente
ELF,Eléctricas,2013,4,1.409116,0.372398,2.685301,0.593366,0.040471,0.012839,91,Excelente
ELF,Eléctricas,2014,1,1.412609,0.373334,2.678564,0.595747,0.032723,0.034267,90,Excelente
ELF,Eléctricas,2014,2,1.295127,0.372731,2.682898,0.594213,0.000274,-0.000688,82,Excelente
ELF,Eléctricas,2014,3,1.298817,0.361216,2.76843,0.565473,0.064275,0.045088,87,Excelente
ELF,Eléctricas,2014,4,1.195322,0.344945,2.899011,0.52659,0.037505,0.011735,80,Excelente
ELF,Eléctricas,2015,1,1.135539,0.334278,2.991518,0.502129,0.031108,0.014587,76,Saludable
ELF,Eléctricas,2015,2,1.241192,0.317767,3.146964,0.465774,0.037227,0.012123,82,Excelente
ELF,Eléctricas,2015,3,1.372894,0.307613,3.250836,0.444279,0.046969,0.031616,89,Excelente
ELF,Eléctricas,2015,4,1.299163,0.293227,3.410327,0.414882,0.033686,0.012647,85,Excelente
ELF,Eléctricas,2016,1,1.1721,0.323442,3.091743,0.47807,-0.022167,0.021502,74,Saludable
ELF,Eléctricas,2016,2,1.30723,0.303593,3.293879,0.435943,0.036244,0.006709,85,Excelente
ELF,Eléctricas,2016,3,1.245685,0.311564,3.20961,0.452568,0.032504,0.044458,82,Excelente
ELF,Eléctricas,2016,4,1.144055,0.30966,3.229344,0.448562,0.012647,0.009853,75,Saludable
ELF,Eléctricas,2017,1,1.004364,0.337967,2.958864,0.5105,-0.018552,0.023414,66,Saludable
ELF,Eléctricas,2017,2,1.156333,0.320074,3.124277,0.470748,0.028037,0.000982,77,Saludable
ELF,Eléctricas,2017,3,1.080389,0.348683,2.867935,0.535351,-0.009533,0.033973,70,Saludable
ELF,Eléctricas,2017,4,1.131975,0.325256,3.074502,0.482043,0.041298,0.005144,77,Saludable
ELF,Eléctricas,2018,1,0.925071,0.381314,2.62251,0.616329,-0.062318,0.022644,58,Observación
ELF,Eléctricas,2018,2,1.25721,0.353143,2.831713,0.545936,0.03977,-0.005514,83,Excelente
ELF,Eléctricas,2018,3,1.422329,0.346189,2.888594,0.529494,0.031705,0.020733,91,Excelente
ELF,Eléctricas,2018,4,1.341536,0.333508,2.998427,0.500394,0.017998,-0.001371,86,Excelente
ELF,Eléctricas,2019,1,1.121816,0.368505,2.713665,0.583545,-0.033023,0.020568,70,Saludable
ELF,Eléctricas,2019,2,1.32239,0.359024,2.785326,0.560122,0.023915,0.008769,85,Excelente
ELF,Eléctricas,2019,3,1.293863,0.351086,2.848302,0.541037,0.024899,0.012362,84,Excelente
ELF,Eléctricas,2019,4,1.176643,0.348142,2.872392,0.534076,0.021129,0.016516,78,Saludable
ELF,Eléctricas,2020,1,0.916375,0.415959,2.404083,0.712209,-0.078368,0.028649,55,Observación
ELF,Eléctricas,2020,2,0.967135,0.45076,2.218477,0.820697,0.017146,0.081594,63,Saludable
ELF,Eléctricas,2020,3,0.975447,0.438229,2.281914,0.780084,0.009815,-0.012709,64,Saludable
ELF,Eléctricas,2020,4,1.039877,0.385603,2.593341,0.627612,0.046228,-0.043387,73,Saludable
ELF,Eléctricas,2021,1,1.046833,0.402912,2.481932,0.674796,-0.030771,-0.002673,67,Saludable
ELF,Eléctricas,2021,2,1.148961,0.372691,2.683187,0.594111,0.01709,-0.03191,76,Saludable
ELF,Eléctricas,2021,3,1.192026,0.363774,2.748957,0.571769,0.027431,0.01303,79,Saludable
ELF,Eléctricas,2021,4,1.167083,0.363837,2.748484,0.571924,0.029907,0.03001,78,Saludable
ELF,Eléctricas,2022,1,1.040049,0.428059,2.336128,0.748431,-0.061999,0.043326,62,Saludable
ELF,Eléctricas,2022,2,1.051409,0.396588,2.521509,0.657242,0.015068,-0.037873,71,Saludable
ELF,Eléctricas,2022,3,1.058166,0.406551,2.459714,0.685065,0.022123,0.039282,71,Saludable
ELF,Eléctricas,2022,4,1.00572,0.383564,2.607129,0.622228,0.038839,0.0001,70,Saludable
ELF,Eléctricas,2023,1,0.819053,0.453386,2.205626,0.829444,-0.084472,0.032473,47,Observación
ELF,Eléctricas,2023,2,0.810045,0.44622,2.241045,0.805773,0.035509,0.022111,57,Observación
ELF,Eléctricas,2023,3,0.799215,0.435511,2.296154,0.771514,0.049162,0.029258,58,Observación
ELF,Eléctricas,2023,4,0.954122,0.427831,2.337372,0.747735,0.0247,0.010945,65,Saludable
ELF,Eléctricas,2024,1,0.849459,0.493703,2.025508,0.975127,-0.114848,0.000316,44,Observación
ELF,Eléctricas,2024,2,1.010307,0.481701,2.075977,0.929388,0.014028,-0.009455,63,Saludable
ELF,Eléctricas,2024,3,1.060055,0.474555,2.107235,0.90315,0.02688,0.012916,67,Saludable
ELF,Eléctricas,2024,4,1.066765,0.47055,2.125174,0.888751,0.047271,0.039347,69,Saludable
ELF,Eléctricas,2025,1,1.206251,0.507653,1.969851,1.031086,-0.047471,0.024311,66,Saludable
ELF,Eléctricas,2025,2,1.236926,0.489489,2.042946,0.958822,0.022305,-0.014067,74,Saludable
ELF,Eléctricas,2025,3,1.194054,0.493428,2.026639,0.974052,0.028827,0.036827,72,Saludable
ELF,Eléctricas,2025,4,1.147251,0.489757,2.041829,0.959851,0.042974,0.035471,72,Saludable
ELF,Eléctricas,2026,1,1.120078,0.51073,1.957981,1.043863,-0.022911,0.018974,63,Saludable
COR,Eléctricas,2013,2,8.781319,0.114167,8.759071,0.128881,-0.021755,-0.038731,90,Excelente
COR,Eléctricas,2013,3,10.112616,0.112186,8.913757,0.126362,0.023534,0.02125,94,Excelente
COR,Eléctricas,2013,4,4.142877,0.124268,8.047118,0.141902,0.034189,0.048457,95,Excelente
COR,Eléctricas,2014,1,5.139898,0.117178,8.53403,0.132731,0.023174,0.014957,94,Excelente
COR,Eléctricas,2014,2,11.524308,0.095399,10.482297,0.10546,0.07588,0.049978,98,Excelente
COR,Eléctricas,2014,3,16.701032,0.084683,11.808677,0.092518,0.107941,0.09497,100,Excelente
COR,Eléctricas,2014,4,9.804124,0.088583,11.288801,0.097193,0.006986,0.011295,93,Excelente
COR,Eléctricas,2015,1,12.065241,0.188314,5.310269,0.232004,0.022413,0.148036,94,Excelente
COR,Eléctricas,2015,3,30.89091,0.167497,5.970263,0.201196,0.042591,0.03308,95,Excelente
COR,Eléctricas,2016,2,5.17957,0.175935,5.683916,0.213497,0.082796,0.041685,99,Excelente
COR,Eléctricas,2016,3,22.386878,0.135878,7.359529,0.157244,0.084576,0.0343,99,Excelente
COR,Eléctricas,2016,4,1.546094,0.131286,7.61693,0.151127,0.014315,0.008953,93,Excelente
COR,Eléctricas,2017,1,5.292267,0.148695,6.725172,0.174667,-0.00738,0.012919,91,Excelente
COR,Eléctricas,2017,2,17.920151,0.122544,8.160303,0.139659,0.074583,0.042558,98,Excelente
COR,Eléctricas,2017,3,2.691634,0.190028,5.262373,0.234611,0.058238,0.146406,97,Excelente
COR,Eléctricas,2017,4,2.306137,0.224344,4.457436,0.289232,0.014139,0.059006,93,Excelente
COR,Eléctricas,2018,1,2.335076,0.210795,4.743935,0.267099,-0.004495,-0.021585,92,Excelente
COR,Eléctricas,2018,2,2.534209,0.201086,4.972996,0.251699,0.037477,0.024868,95,Excelente
COR,Eléctricas,2018,3,2.915888,0.19203,5.207523,0.23767,0.04494,0.033228,96,Excelente
COR,Eléctricas,2018,4,2.219145,0.228019,4.385595,0.295369,-0.063376,-0.019711,87,Excelente
COR,Eléctricas,2019,1,1.527528,0.306289,3.264892,0.441522,-0.02642,0.083427,90,Excelente
COR,Eléctricas,2019,2,1.451222,0.336972,2.967603,0.508233,0.016888,0.063947,91,Excelente
COR,Eléctricas,2019,3,1.131642,0.330962,3.021494,0.494684,0.015073,0.005954,75,Saludable
COR,Eléctricas,2019,4,1.190215,0.320372,3.121369,0.471394,0.031496,0.015423,79,Saludable
COR,Eléctricas,2020,1,1.128533,0.34332,2.912739,0.522811,-0.031995,0.001832,71,Saludable
COR,Eléctricas,2020,2,1.19826,0.31079,3.217607,0.450937,0.017422,-0.030598,78,Saludable
COR,Eléctricas,2020,3,1.250226,0.305682,3.271375,0.440262,0.017307,0.009823,81,Excelente
COR,Eléctricas,2020,4,1.261331,0.309236,3.233781,0.447671,0.0063,0.011477,81,Excelente
COR,Eléctricas,2021,1,1.310258,0.296764,3.36968,0.421998,0.013568,-0.004407,84,Excelente
COR,Eléctricas,2021,2,1.255577,0.286917,3.485331,0.402361,-0.032541,-0.045902,77,Saludable
COR,Eléctricas,2021,3,1.295702,0.284047,3.520546,0.396739,0.012346,0.008288,83,Excelente
COR,Eléctricas,2021,4,1.090116,0.310439,3.221242,0.450199,0.007046,0.045591,72,Saludable
COR,Eléctricas,2022,1,0.991509,0.329761,3.032503,0.492004,-0.028699,-0.000699,64,Saludable
COR,Eléctricas,2022,2,1.026413,0.292519,3.418587,0.413465,0.015921,-0.037557,70,Saludable
COR,Eléctricas,2022,3,1.058638,0.286823,3.486468,0.402177,0.011512,0.003434,71,Saludable
COR,Eléctricas,2022,4,1.038792,0.270782,3.693013,0.371331,-0.008695,-0.030502,68,Saludable
COR,Eléctricas,2023,1,0.996782,0.27821,3.594413,0.385444,-0.016032,-0.005906,66,Saludable
COR,Eléctricas,2023,2,0.990839,0.249924,4.001213,0.333199,0.005666,-0.032258,67,Saludable
COR,Eléctricas,2023,3,1.025316,0.245726,4.069571,0.325778,0.004062,-0.001527,69,Saludable
COR,Eléctricas,2023,4,1.061003,0.253595,3.943289,0.339756,0.002515,0.013085,70,Saludable
COR,Eléctricas,2024,1,1.458227,0.259615,3.851863,0.350648,-0.010033,-0.001985,89,Excelente
COR,Eléctricas,2024,2,1.676666,0.231684,4.316232,0.301547,0.015095,-0.021807,93,Excelente
COR,Eléctricas,2024,3,1.749991,0.227705,4.391641,0.294843,0.001409,-0.003749,92,Excelente
COR,Eléctricas,2024,4,1.767334,0.233424,4.284049,0.304502,0.001843,0.009316,92,Excelente
COR,Eléctricas,2025,1,1.62012,0.248825,4.018894,0.331247,-0.028557,-0.008641,90,Excelente
COR,Eléctricas,2025,2,1.871039,0.217129,4.605553,0.27735,0.021676,-0.019688,94,Excelente
COR,Eléctricas,2025,3,2.127001,0.201866,4.953792,0.252922,0.020479,0.000963,94,Excelente
COR,Eléctricas,2025,4,2.18321,0.199291,5.017796,0.248893,-0.006064,-0.009261,92,Excelente
COR,Eléctricas,2026,1,1.8912,0.218212,4.582703,0.279119,-0.02398,-0.000358,90,Excelente
GUA,Eléctricas,2013,2,1.632173,0.427414,2.339654,0.746461,0.020943,0.001843,92,Excelente
GUA,Eléctricas,2013,3,1.653191,0.417312,2.396287,0.716185,0.023189,0.005451,93,Excelente
GUA,Eléctricas,2013,4,1.661457,0.412414,2.42475,0.701878,0.024936,0.016391,93,Excelente
GUA,Eléctricas,2014,1,1.714649,0.400216,2.49865,0.667267,1.043002,1.001453,100,Excelente
GUA,Eléctricas,2014,2,1.72566,0.395518,2.528328,0.65431,-0.488088,-0.492067,80,Excelente
GUA,Eléctricas,2014,3,1.793119,0.38573,2.592484,0.62795,0.034843,0.018354,95,Excelente
GUA,Eléctricas,2014,4,1.489721,0.38199,2.617869,0.618097,0.010532,0.004416,92,Excelente
GUA,Eléctricas,2015,1,1.704592,0.371214,2.693866,0.590365,0.02288,0.005349,94,Excelente
GUA,Eléctricas,2015,3,1.754443,0.356495,2.805085,0.55399,0.013651,0.007345,93,Excelente
GUA,Eléctricas,2016,1,2.10862,0.351993,2.840963,0.543194,0.015637,-0.03149,93,Excelente
GUA,Eléctricas,2016,3,1.960222,0.344601,2.901909,0.525788,-0.010693,-0.012063,91,Excelente
GUA,Eléctricas,2016,4,1.494801,0.346246,2.888118,0.529628,-0.004438,-0.001932,91,Excelente
GUA,Eléctricas,2017,1,1.577957,0.319517,3.129728,0.469543,0.128694,0.084358,100,Excelente
GUA,Eléctricas,2017,2,1.857482,0.298218,3.353257,0.424943,0.07558,0.042937,98,Excelente
GUA,Eléctricas,2017,3,2.200533,0.288325,3.468304,0.405136,0.008306,-0.00571,93,Excelente
GUA,Eléctricas,2017,4,2.977217,0.250792,3.987367,0.334743,0.160274,0.102148,100,Excelente
GUA,Eléctricas,2018,1,2.29639,0.230012,4.347598,0.298722,0.015079,-0.012315,93,Excelente
GUA,Eléctricas,2018,2,2.029687,0.2348,4.258936,0.306849,0.029101,0.03554,94,Excelente
GUA,Eléctricas,2018,3,2.560055,0.213395,4.686148,0.271286,0.005909,-0.021465,92,Excelente
GUA,Eléctricas,2018,4,2.636505,0.208906,4.786847,0.264072,0.00764,0.001922,93,Excelente
GUA,Eléctricas,2019,1,2.391035,0.212548,4.704825,0.269918,-0.006473,-0.001878,91,Excelente
GUA,Eléctricas,2019,2,2.687985,0.19141,5.224386,0.236721,0.014195,-0.012317,93,Excelente
GUA,Eléctricas,2019,3,2.908452,0.186713,5.355823,0.229578,0.010604,0.004767,93,Excelente
GUA,Eléctricas,2019,4,2.208954,0.169022,5.916374,0.203402,-0.000731,-0.022004,92,Excelente
GUA,Eléctricas,2020,1,1.948037,0.17546,5.699294,0.212798,-0.009074,-0.001336,91,Excelente
GUA,Eléctricas,2020,2,2.105136,0.170123,5.878093,0.204998,0.006697,0.000222,93,Excelente
GUA,Eléctricas,2020,3,2.148377,0.172319,5.803201,0.208194,0.004419,0.007083,92,Excelente
GUA,Eléctricas,2020,4,2.208357,0.157295,6.357486,0.186655,-0.008473,-0.02615,91,Excelente
GUA,Eléctricas,2021,1,2.58918,0.13745,7.27536,0.159353,-0.002859,-0.0258,92,Excelente
GUA,Eléctricas,2021,2,2.742597,0.126325,7.916069,0.144591,-0.000379,-0.013108,92,Excelente
GUA,Eléctricas,2021,3,2.872235,0.114346,8.745385,0.129109,0.007029,-0.006592,93,Excelente
GUA,Eléctricas,2021,4,2.837785,0.108792,9.191848,0.122073,-0.001116,-0.007341,92,Excelente
GUA,Eléctricas,2022,1,2.329288,0.12078,8.279515,0.137372,-0.005932,0.007622,92,Excelente
GUA,Eléctricas,2022,2,2.442956,0.111276,8.986641,0.125209,0.000738,-0.009963,92,Excelente
GUA,Eléctricas,2022,3,2.42532,0.112475,8.890875,0.126729,0.000175,0.001526,92,Excelente
GUA,Eléctricas,2022,4,2.299651,0.108675,9.20174,0.121925,0.003261,-0.001016,92,Excelente
GUA,Eléctricas,2023,1,2.598457,0.109011,9.173404,0.122348,-0.004588,-0.004213,92,Excelente
GUA,Eléctricas,2023,2,2.761274,0.103459,9.665659,0.115398,0.0005,-0.005696,92,Excelente
GUA,Eléctricas,2023,3,2.730862,0.096694,10.3419,0.107045,0.000471,-0.007021,92,Excelente
GUA,Eléctricas,2023,4,2.886726,0.101021,9.89889,0.112374,0.003954,0.008787,92,Excelente
GUA,Eléctricas,2024,1,2.566361,0.111743,8.949139,0.1258,-0.003868,0.008155,92,Excelente
GUA,Eléctricas,2024,2,3.226767,0.101258,9.875809,0.112666,0.001222,-0.010459,92,Excelente
GUA,Eléctricas,2024,3,3.622579,0.09893,10.108155,0.109792,0.001653,-0.000935,92,Excelente
GUA,Eléctricas,2024,4,2.89553,0.106009,9.433204,0.118579,0.001752,0.009684,92,Excelente
GUA,Eléctricas,2025,1,3.090822,0.107533,9.299435,0.12049,-0.004145,-0.002443,92,Excelente
GUA,Eléctricas,2025,2,3.937882,0.0947,10.559607,0.104607,0.000617,-0.013567,92,Excelente
GUA,Eléctricas,2025,3,5.088693,0.097716,10.23375,0.108298,0.003388,0.006741,92,Excelente
GUA,Eléctricas,2025,4,3.750785,0.115148,8.684441,0.130133,0.000667,0.020381,92,Excelente
GUA,Eléctricas,2026,1,4.52197,0.10803,9.256718,0.121114,-0.002963,-0.010921,92,Excelente
FCA,Transporte,2013,2,0.967112,0.161128,6.206256,0.192077,-0.000868,-0.014282,65,Saludable
FCA,Transporte,2013,3,1.050735,0.166852,5.993338,0.200267,0.021075,0.028091,71,Saludable
FCA,Transporte,2013,4,0.950695,0.150901,6.626862,0.177719,0.018225,-0.000903,66,Saludable
FCA,Transporte,2014,1,0.992772,0.170862,5.852664,0.206072,0.000647,0.024738,67,Saludable
FCA,Transporte,2014,2,0.873862,0.150002,6.666574,0.176473,0.010502,-0.014297,62,Saludable
FCA,Transporte,2014,3,0.902109,0.151188,6.614271,0.178118,0.013731,0.015148,63,Saludable
FCA,Transporte,2014,4,0.81751,0.144438,6.923387,0.168822,0.007522,-0.000428,58,Observación
FCA,Transporte,2015,1,0.821017,0.164794,6.068196,0.197309,-0.00068,0.023675,58,Observación
FCA,Transporte,2015,2,0.888027,0.145259,6.884239,0.169946,0.005363,-0.017614,62,Saludable
FCA,Transporte,2015,3,0.817292,0.150045,6.664654,0.176534,-0.002195,0.003426,58,Observación
FCA,Transporte,2015,4,0.923241,0.143139,6.98623,0.16705,0.016795,0.0086,65,Saludable
FCA,Transporte,2016,1,1.015228,0.143553,6.966068,0.167615,-0.00595,-0.005472,67,Saludable
FCA,Transporte,2016,2,1.066978,0.142069,7.038845,0.165595,0.003306,0.00157,71,Saludable
FCA,Transporte,2016,3,1.089138,0.134761,7.420546,0.15575,0.00471,-0.003776,72,Saludable
FCA,Transporte,2016,4,1.268749,0.117493,8.511122,0.133136,0.039436,0.019097,84,Excelente
FCA,Transporte,2017,1,1.27073,0.121998,8.19685,0.13895,0.001525,0.006663,81,Excelente
FCA,Transporte,2017,2,2.137088,0.119366,8.377571,0.135546,0.003387,0.000386,92,Excelente
FCA,Transporte,2017,3,2.908286,0.122096,8.19029,0.139076,0.002543,0.00566,92,Excelente
FCA,Transporte,2017,4,2.275303,0.143268,6.979923,0.167226,0.024624,0.049948,94,Excelente
FCA,Transporte,2018,1,3.522928,0.183337,5.454444,0.224495,-0.000996,0.048022,92,Excelente
FCA,Transporte,2018,2,3.57285,0.189335,5.28165,0.233555,0.004608,0.012038,92,Excelente
FCA,Transporte,2018,3,3.119575,0.183113,5.461112,0.224159,0.00691,-0.000759,93,Excelente
FCA,Transporte,2018,4,2.827804,0.258411,3.869803,0.348456,-0.009701,0.09085,91,Excelente
FCA,Transporte,2019,1,2.533574,0.259993,3.846264,0.351338,-0.012621,-0.010511,91,Excelente
FCA,Transporte,2019,2,2.287392,0.265028,3.773185,0.360596,0.009572,0.016489,93,Excelente
FCA,Transporte,2019,3,2.890339,0.275121,3.63477,0.37954,0.002871,0.016834,92,Excelente
FCA,Transporte,2019,4,0.8104,0.294887,3.391126,0.418213,0.028028,0.056847,60,Saludable
FCA,Transporte,2020,1,0.653909,0.294668,3.393648,0.417772,-0.015667,-0.015973,56,Observación
FCA,Transporte,2020,2,0.668707,0.306791,3.259543,0.442567,-0.016671,0.000526,56,Observación
FCA,Transporte,2020,3,0.573093,0.311157,3.213816,0.451708,-0.00729,-0.001001,56,Observación
FCA,Transporte,2020,4,0.638285,0.316643,3.158126,0.463365,-0.005897,0.002087,57,Observación
FCA,Transporte,2021,1,0.604062,0.321208,3.113249,0.473204,-0.008928,-0.002266,56,Observación
FCA,Transporte,2021,2,0.575786,0.317203,3.152555,0.464563,0.007522,0.001613,58,Observación
FCA,Transporte,2021,3,0.665946,0.322477,3.100994,0.475966,-0.006229,0.001512,57,Observación
FCA,Transporte,2021,4,0.787912,0.31613,3.16326,0.462266,0.007085,-0.002263,58,Observación
FCA,Transporte,2022,1,0.705523,0.32365,3.089755,0.478526,-0.006797,0.004247,56,Observación
FCA,Transporte,2022,2,1.326107,0.32536,3.073522,0.482271,0.004904,0.007447,84,Excelente
FCA,Transporte,2022,3,1.033893,0.323134,3.094692,0.477397,0.000671,-0.002619,69,Saludable
FCA,Transporte,2022,4,0.984397,0.326227,3.065349,0.48418,0.002258,0.006859,66,Saludable
FCA,Transporte,2023,1,0.903398,0.323638,3.089872,0.478498,-0.00119,-0.005013,62,Saludable
FCA,Transporte,2023,2,0.908434,0.323695,3.089327,0.478623,-0.000946,-0.000862,62,Saludable
FCA,Transporte,2023,3,0.735741,0.325698,3.070324,0.483016,-0.00319,-0.000228,57,Observación
FCA,Transporte,2023,4,0.704401,0.324291,3.083651,0.479927,0.005351,0.003257,57,Observación
FCA,Transporte,2024,1,1.535819,0.33092,3.021875,0.494591,-0.000996,0.008902,92,Excelente
FCA,Transporte,2024,2,1.675156,0.326613,3.061731,0.485029,0.002181,-0.00423,92,Excelente
FCA,Transporte,2024,3,1.544913,0.3261,3.066548,0.483899,0.004888,0.004123,92,Excelente
FCA,Transporte,2024,4,1.506518,0.321686,3.108626,0.474243,0.004439,-0.002097,92,Excelente
FCA,Transporte,2025,1,1.384849,0.337772,2.960578,0.510054,-0.013657,0.010302,85,Excelente
FCA,Transporte,2025,2,1.364512,0.329579,3.034171,0.491601,0.00651,-0.005789,86,Excelente
FCA,Transporte,2025,3,1.263206,0.332535,3.007201,0.498206,0.009207,0.013676,81,Excelente
FCA,Transporte,2025,4,1.190284,0.332996,3.003043,0.49924,0.003662,0.004355,77,Saludable
FCA,Transporte,2026,1,1.087595,0.349445,2.861683,0.537148,-0.0172,0.00765,70,Saludable
EMT,Minero,2024,2,0.049091,0.371923,2.68873,0.592161,-0.024169,0.008081,55,Observación
EMT,Minero,2024,3,4.601791,0.622777,1.605712,1.65095,0.123639,0.87086,80,Excelente
EMT,Minero,2024,4,6.134631,0.6254,1.598976,1.669515,0.048125,0.055465,76,Saludable
EMT,Minero,2025,1,1.709016,0.615962,1.623477,1.603908,0.061652,0.035561,78,Saludable
EMT,Minero,2025,2,0.421316,0.598921,1.669668,1.493276,0.077577,0.031794,46,Observación
EMT,Minero,2025,3,0.836298,0.679367,1.471959,2.118827,0.056135,0.321114,38,Riesgo
EMT,Minero,2025,4,0.37999,0.690311,1.448622,2.229048,0.123409,0.163111,39,Riesgo
EMT,Minero,2026,1,0.130009,0.710377,1.407703,2.452767,-0.023883,0.043745,27,Riesgo
MSL,Minero,2025,2,1.917994,0.452572,2.209593,0.826725,0.067953,0.100762,94,Excelente
MSL,Minero,2025,3,1.205672,0.556058,1.798374,1.252546,-0.032602,0.192905,62,Saludable
MSL,Minero,2025,4,1.297474,0.584986,1.709443,1.409556,0.050482,0.123703,70,Saludable
MSL,Minero,2026,1,2.091497,0.528615,1.891735,1.12141,0.067348,-0.060291,87,Excelente
TDE,Eléctricas,2013,2,1.641987,0.235002,4.255284,0.307193,0.010853,-0.018305,93,Excelente
TDE,Eléctricas,2013,3,1.830523,0.235667,4.243272,0.308331,0.030076,0.030973,94,Excelente
TDE,Eléctricas,2013,4,1.85026,0.222282,4.498791,0.285813,0.045657,0.02766,96,Excelente
TDE,Eléctricas,2014,1,1.875742,0.22478,4.448801,0.289956,0.029225,0.03254,94,Excelente
TDE,Eléctricas,2014,2,2.166654,0.198656,5.033839,0.247903,0.047772,0.013615,96,Excelente
TDE,Eléctricas,2014,3,1.711529,0.217988,4.587399,0.278754,0.032355,0.057877,95,Excelente
TDE,Eléctricas,2014,4,1.619734,0.227025,4.40481,0.293702,0.021909,0.033854,94,Excelente
TDE,Eléctricas,2015,1,1.558202,0.228475,4.376855,0.296133,0.014572,0.016479,93,Excelente
TDE,Eléctricas,2015,2,1.606583,0.198982,5.025579,0.248411,0.028198,-0.009658,94,Excelente
TDE,Eléctricas,2015,3,1.639099,0.188924,5.293128,0.23293,0.032711,0.019905,95,Excelente
TDE,Eléctricas,2015,4,1.342501,0.197449,5.064588,0.246027,0.035965,0.04697,87,Excelente
TDE,Eléctricas,2016,1,1.37747,0.209717,4.768321,0.26537,0.075482,0.092177,92,Excelente
TDE,Eléctricas,2016,2,1.697574,0.162329,6.160343,0.193786,0.1095,0.046733,100,Excelente
TDE,Eléctricas,2016,3,2.646063,0.160736,6.221371,0.191521,0.167713,0.165497,100,Excelente
TDE,Eléctricas,2016,4,2.01721,0.189027,5.290263,0.233086,0.068497,0.105771,97,Excelente
TDE,Eléctricas,2017,1,1.53728,0.194895,5.130975,0.242074,-0.00582,0.001427,92,Excelente
TDE,Eléctricas,2017,2,1.806768,0.196455,5.090236,0.244485,0.027059,0.029053,94,Excelente
TDE,Eléctricas,2017,3,1.745176,0.219683,4.552022,0.28153,0.082221,0.114436,99,Excelente
TDE,Eléctricas,2017,4,1.578727,0.21477,4.656142,0.273512,0.094819,0.087969,100,Excelente
TDE,Eléctricas,2018,1,1.478852,0.252174,3.965518,0.337209,-0.0042,0.045607,91,Excelente
TDE,Eléctricas,2018,2,1.430506,0.262109,3.815211,0.355213,0.027781,0.041619,91,Excelente
TDE,Eléctricas,2018,3,1.652115,0.273768,3.652731,0.37697,0.043245,0.059993,95,Excelente
TDE,Eléctricas,2018,4,1.014854,0.287568,3.477435,0.403643,0.040616,0.060774,71,Saludable
TDE,Eléctricas,2019,1,0.929421,0.326112,3.066436,0.483925,0.02227,0.080739,65,Saludable
TDE,Eléctricas,2019,2,0.741365,0.320947,3.115779,0.472639,0.028808,0.020983,59,Observación
TDE,Eléctricas,2019,3,1.011784,0.324878,3.078077,0.481214,0.030748,0.036751,70,Saludable
TDE,Eléctricas,2019,4,1.177407,0.356595,2.804298,0.554232,0.048024,0.099688,80,Excelente
TDE,Eléctricas,2020,1,1.009793,0.377851,2.646548,0.607331,-0.007436,0.026474,67,Saludable
TDE,Eléctricas,2020,2,1.02267,0.411163,2.432127,0.698262,-0.023499,0.031744,65,Saludable
TDE,Eléctricas,2020,3,1.154767,0.418275,2.390771,0.719026,0.025964,0.038508,76,Saludable
TDE,Eléctricas,2020,4,1.253019,0.407095,2.456431,0.68661,0.00785,-0.011155,80,Excelente
TDE,Eléctricas,2021,1,1.030452,0.394514,2.534766,0.651565,0.022104,0.000867,70,Saludable
TDE,Eléctricas,2021,2,1.00601,0.392293,2.549116,0.64553,-0.000558,-0.00421,67,Saludable
TDE,Eléctricas,2021,3,1.158396,0.437942,2.283407,0.779176,0.000995,0.082294,72,Saludable
TDE,Eléctricas,2021,4,1.247624,0.445809,2.243114,0.804432,0.025296,0.039851,78,Saludable
TDE,Eléctricas,2022,1,1.070653,0.485112,2.061381,0.942169,-0.034095,0.039635,62,Saludable
TDE,Eléctricas,2022,2,1.250147,0.478763,2.088717,0.918512,0.006975,-0.00529,75,Saludable
TDE,Eléctricas,2022,3,1.430864,0.461002,2.169186,0.855296,0.032725,-0.001304,87,Excelente
TDE,Eléctricas,2022,4,1.210274,0.453696,2.204121,0.830481,0.015125,0.001547,75,Saludable
TDE,Eléctricas,2023,1,1.000684,0.476439,2.098906,0.909996,-0.038769,0.002987,59,Observación
TDE,Eléctricas,2023,2,1.000304,0.447549,2.23439,0.810116,0.020233,-0.033118,65,Saludable
TDE,Eléctricas,2023,3,1.005957,0.436556,2.290656,0.7748,0.023283,0.003318,67,Saludable
TDE,Eléctricas,2023,4,1.235686,0.443325,2.255683,0.796379,0.029485,0.042003,78,Saludable
TDE,Eléctricas,2024,1,1.00215,0.464757,2.151662,0.868311,-0.040023,-0.001583,59,Observación
TDE,Eléctricas,2024,2,1.195745,0.468862,2.132824,0.88275,-0.008497,-0.000834,71,Saludable
TDE,Eléctricas,2024,3,1.107928,0.458242,2.182255,0.845841,0.01907,-0.000908,70,Saludable
TDE,Eléctricas,2024,4,1.142482,0.444032,2.25209,0.798665,0.015285,-0.010664,72,Saludable
TDE,Eléctricas,2025,1,1.000917,0.450815,2.218204,0.820881,-0.008265,0.003985,63,Saludable
TDE,Eléctricas,2025,2,1.132628,0.431249,2.318847,0.758238,0.016032,-0.018921,73,Saludable
TDE,Eléctricas,2025,3,1.137219,0.415741,2.405345,0.711569,0.023807,-0.003368,75,Saludable
TDE,Eléctricas,2025,4,1.118166,0.416137,2.403053,0.712732,0.014689,0.015378,73,Saludable
TDE,Eléctricas,2026,1,1.15035,0.403818,2.47636,0.677342,0.020478,-0.000608,76,Saludable
VAH,Eléctricas,2013,2,16.149974,0.02986,33.489661,0.030779,0.010757,0.027593,93,Excelente
VAH,Eléctricas,2013,3,14.94952,0.021717,46.045989,0.0222,0.013173,0.00474,93,Excelente
VAH,Eléctricas,2013,4,12.909433,0.022627,44.194239,0.023151,0.011495,0.012437,93,Excelente
VAH,Eléctricas,2014,1,7.792106,0.029036,34.44052,0.029904,0.017391,0.024105,93,Excelente
VAH,Eléctricas,2014,2,8.167939,0.027994,35.722138,0.0288,0.013468,0.012382,93,Excelente
VAH,Eléctricas,2014,3,8.763595,0.0266,37.594561,0.027326,0.017376,0.015919,93,Excelente
VAH,Eléctricas,2014,4,13.519651,0.01813,55.15846,0.018464,0.010717,0.001999,93,Excelente
VAH,Eléctricas,2015,1,11.725325,0.020989,47.64363,0.021439,0.007095,0.010037,93,Excelente
VAH,Eléctricas,2015,2,8.666528,0.029218,34.225552,0.030097,0.012675,0.021259,93,Excelente
VAH,Eléctricas,2015,3,7.616342,0.031851,31.396064,0.032899,0.009668,0.012413,93,Excelente
VAH,Eléctricas,2015,4,11.35949,0.021653,46.183993,0.022132,0.019398,0.008772,94,Excelente
VAH,Eléctricas,2016,1,7.309513,0.033649,29.718719,0.03482,0.002833,0.015282,92,Excelente
VAH,Eléctricas,2016,2,10.611801,0.02587,38.655347,0.026557,0.011018,0.002944,93,Excelente
VAH,Eléctricas,2016,3,8.299723,0.033843,29.548577,0.035028,0.013395,0.021758,93,Excelente
VAH,Eléctricas,2016,4,7.837854,0.032836,30.454022,0.033951,0.013521,0.012467,93,Excelente
VAH,Eléctricas,2017,1,8.823474,0.029486,33.914974,0.030381,0.007664,0.004185,93,Excelente
VAH,Eléctricas,2017,2,11.491183,0.023255,43.001247,0.023809,0.012775,0.006315,93,Excelente
VAH,Eléctricas,2017,3,20.513334,0.020639,48.452669,0.021074,0.273196,0.269794,100,Excelente
VAH,Eléctricas,2017,4,14.727095,0.021422,46.68033,0.021891,0.009398,0.010206,93,Excelente
VAH,Eléctricas,2018,1,18.527086,0.017203,58.130818,0.017504,-0.002636,-0.006918,92,Excelente
VAH,Eléctricas,2018,2,20.925615,0.015328,65.241752,0.015566,0.008829,0.006908,93,Excelente
VAH,Eléctricas,2018,3,19.788523,0.015562,64.258422,0.015808,0.008624,0.008864,93,Excelente
VAH,Eléctricas,2018,4,19.539318,0.014638,68.316783,0.014855,0.004591,0.003648,92,Excelente
VAH,Eléctricas,2019,1,10.718631,0.024121,41.45734,0.024717,0.074297,0.084737,98,Excelente
VAH,Eléctricas,2019,2,27.184245,0.011419,87.576935,0.01155,0.068875,0.05514,98,Excelente
VAH,Eléctricas,2019,3,27.414983,0.010712,93.349604,0.010828,0.00622,0.005502,92,Excelente
VAH,Eléctricas,2019,4,40.037549,0.008575,116.624169,0.008649,0.061726,0.059437,97,Excelente
VAH,Eléctricas,2020,1,16.860199,0.013931,71.783656,0.014128,0.002869,0.008317,92,Excelente
VAH,Eléctricas,2020,2,13.505694,0.01453,68.823745,0.014744,0.002732,0.003342,92,Excelente
VAH,Eléctricas,2020,3,21.09545,0.009651,103.613581,0.009745,0.0041,-0.000846,92,Excelente
VAH,Eléctricas,2020,4,11.395439,0.016326,61.251225,0.016597,0.006207,0.013035,92,Excelente
VAH,Eléctricas,2021,1,16.521268,0.009662,103.494669,0.009757,-0.00204,-0.008755,92,Excelente
VAH,Eléctricas,2021,2,36.570068,0.009295,107.584712,0.009382,0.122151,0.121735,100,Excelente
VAH,Eléctricas,2021,3,23.400277,0.008782,113.864206,0.00886,-0.001259,-0.001776,92,Excelente
VAH,Eléctricas,2021,4,39.994057,0.006289,158.99548,0.006329,0.002488,-2.7e-05,92,Excelente
VAH,Eléctricas,2022,1,21.223819,0.011333,88.238435,0.011463,0.020405,0.025611,94,Excelente
VAH,Eléctricas,2022,2,47.190624,0.006127,163.216034,0.006165,0.089869,0.08416,99,Excelente
VAH,Eléctricas,2022,3,44.605997,0.005971,167.482239,0.006007,-0.001318,-0.001475,92,Excelente
VAH,Eléctricas,2022,4,3.942593,0.055904,17.887656,0.059215,-0.001042,0.051794,92,Excelente
VAH,Eléctricas,2023,1,2.813976,0.077994,12.821516,0.084592,-0.00188,0.022033,92,Excelente
VAH,Eléctricas,2023,2,4.99382,0.053507,18.689276,0.056531,0.118979,0.09003,100,Excelente
VAH,Eléctricas,2023,3,45.658656,0.005735,174.379589,0.005768,0.013885,-0.034829,93,Excelente
VAH,Eléctricas,2023,4,37.709671,0.0066,151.519976,0.006644,0.049696,0.05061,96,Excelente
VAH,Eléctricas,2024,2,14.545652,0.01633,61.237421,0.016601,0.004273,0.014207,92,Excelente
VAH,Eléctricas,2024,3,10.900796,0.025341,39.461885,0.026,0.076176,0.086125,98,Excelente
VAH,Eléctricas,2024,4,50.477649,0.005484,182.341679,0.005514,0.002213,-0.017797,92,Excelente
VAH,Eléctricas,2025,1,19.057028,0.012671,78.920152,0.012834,-0.003872,0.003379,92,Excelente
VAH,Eléctricas,2025,2,47.614812,0.005402,185.105469,0.005432,0.004605,-0.002736,92,Excelente
VAH,Eléctricas,2025,3,21.401557,0.010892,91.814388,0.011011,0.006211,0.011795,92,Excelente
VAH,Eléctricas,2025,4,36.505225,0.006375,156.861676,0.006416,0.00556,0.00099,92,Excelente
VAH,Eléctricas,2026,1,24.641906,0.008387,119.239064,0.008457,0.003388,0.005423,92,Excelente
EPE,Petroleras,2015,2,1.478111,0.28576,3.499436,0.400088,0.040989,0.042958,94,Excelente
EPE,Petroleras,2015,3,3.177272,0.428383,2.334361,0.749422,0.051888,0.314348,94,Excelente
EPE,Petroleras,2015,4,3.605946,0.406722,2.458681,0.685551,0.049705,0.01138,96,Excelente
EPE,Petroleras,2016,1,2.977508,0.417883,2.393016,0.717867,-0.000207,0.018962,91,Excelente
EPE,Petroleras,2016,2,3.856792,0.392819,2.545699,0.646956,0.011371,-0.030376,93,Excelente
EPE,Petroleras,2016,3,4.871068,0.374787,2.66818,0.599456,0.003677,-0.025271,92,Excelente
EPE,Petroleras,2016,4,4.597177,0.370625,2.698144,0.588878,0.034694,0.027851,95,Excelente
EPE,Petroleras,2017,1,4.614854,0.365504,2.735949,0.576056,-0.002993,-0.011036,92,Excelente
EPE,Petroleras,2017,2,5.061941,0.357373,2.798198,0.556115,-0.0046,-0.017195,92,Excelente
EPE,Petroleras,2017,3,3.23067,0.343435,2.911761,0.523078,0.070206,0.047482,98,Excelente
EPE,Petroleras,2017,4,3.434207,0.355245,2.81496,0.550974,-0.0756,-0.058672,86,Excelente
EPE,Petroleras,2018,1,4.188683,0.339473,2.945742,0.513943,0.007016,-0.017025,93,Excelente
EPE,Petroleras,2018,2,4.235733,0.33994,2.941694,0.515014,-0.020653,-0.01996,90,Excelente
EPE,Petroleras,2018,3,3.722033,0.316761,3.156957,0.463616,-0.010711,-0.044274,91,Excelente
EPE,Petroleras,2018,4,3.309964,0.366783,2.726411,0.579239,-0.170114,-0.104552,80,Excelente
EPE,Petroleras,2019,1,3.694871,0.354306,2.822418,0.548721,0.011373,-0.008174,93,Excelente
EPE,Petroleras,2019,2,3.205618,0.365845,2.733397,0.576902,0.001045,0.01926,92,Excelente
EPE,Petroleras,2019,3,2.46914,0.349912,2.857859,0.538251,-0.034718,-0.058381,89,Excelente
EPE,Petroleras,2019,4,3.598579,0.297949,3.356274,0.424397,0.190931,0.102784,100,Excelente
EPE,Petroleras,2020,1,3.382833,0.293596,3.406045,0.41562,0.003467,-0.002713,92,Excelente
EPE,Petroleras,2020,2,2.182603,0.280905,3.559926,0.390636,-0.013764,-0.031169,91,Excelente
EPE,Petroleras,2020,3,2.092702,0.288495,3.466261,0.405472,-0.021961,-0.011527,90,Excelente
EPE,Petroleras,2020,4,2.859081,0.281133,3.557031,0.391079,-0.053612,-0.063304,88,Excelente
EPE,Petroleras,2021,1,1.587956,0.394129,2.537241,0.650516,-0.189315,-0.038121,80,Excelente
EPE,Petroleras,2021,2,1.274764,0.326321,3.064466,0.484387,0.034948,-0.069222,84,Excelente
EPE,Petroleras,2021,3,1.701429,0.331957,3.012439,0.496906,-0.026211,-0.018002,90,Excelente
EPE,Petroleras,2021,4,1.458013,0.337809,2.960253,0.510138,-0.044062,-0.035608,86,Excelente
EPE,Petroleras,2022,1,1.615594,0.327275,3.055537,0.486491,0.021592,0.005595,94,Excelente
EPE,Petroleras,2022,2,1.218331,0.34309,2.914688,0.522278,0.041236,0.066304,81,Excelente
EPE,Petroleras,2022,3,1.2141,0.315085,3.173749,0.460035,0.136261,0.089801,86,Excelente
EPE,Petroleras,2022,4,1.246758,0.315375,3.170829,0.460654,0.038387,0.038827,82,Excelente
EPE,Petroleras,2023,1,1.335282,0.308495,3.241546,0.446121,-0.051612,-0.061048,80,Excelente
EPE,Petroleras,2023,4,1.596922,0.279257,3.580928,0.387458,0.037569,-0.004521,95,Excelente
EPE,Petroleras,2024,1,1.814978,0.32804,3.048408,0.488184,-0.019595,0.05158,90,Excelente
EPE,Petroleras,2024,2,2.266394,0.350496,2.853096,0.539638,-0.018345,0.015595,91,Excelente
EPE,Petroleras,2024,3,2.768806,0.33159,3.015768,0.496089,0.028962,-0.000142,94,Excelente
EPE,Petroleras,2024,4,2.24931,0.391537,2.554038,0.643485,0.01452,0.114472,93,Excelente
EPE,Petroleras,2025,1,2.163247,0.391093,2.556939,0.642286,0.019716,0.018973,94,Excelente
EPE,Petroleras,2025,2,1.81333,0.42342,2.36172,0.734366,-0.030402,0.023961,88,Excelente
EPE,Petroleras,2025,3,1.77199,0.436841,2.289161,0.775698,0.028827,0.053346,92,Excelente
EPE,Petroleras,2025,4,1.752513,0.407223,2.455659,0.686974,0.041551,-0.010491,95,Excelente
EPE,Petroleras,2026,1,1.681428,0.445124,2.246565,0.802205,-0.077869,-0.014882,83,Excelente
FAN,Industrial,2013,2,1.470727,0.167555,5.968191,0.201281,0.049396,0.056267,94,Excelente
FAN,Industrial,2013,3,0.97938,0.213794,4.677402,0.271931,-0.052805,0.002901,62,Saludable
FAN,Industrial,2013,4,1.123761,0.185287,5.397032,0.227426,0.071448,0.033958,79,Saludable
FAN,Industrial,2014,1,1.201205,0.163491,6.116561,0.195444,0.050279,0.022913,81,Excelente
FAN,Industrial,2014,2,0.952142,0.244214,4.094763,0.323127,-0.054798,0.046157,60,Saludable
FAN,Industrial,2014,3,1.111136,0.199279,5.018102,0.248874,0.070071,0.010018,78,Saludable
FAN,Industrial,2014,4,1.456946,0.156247,6.400104,0.185182,0.068193,0.013716,95,Excelente
FAN,Industrial,2015,1,1.777076,0.135872,7.35988,0.157236,0.038686,0.014194,95,Excelente
FAN,Industrial,2015,2,1.175561,0.221409,4.516536,0.284371,-0.061683,0.041401,71,Saludable
FAN,Industrial,2015,3,1.534447,0.165452,6.044031,0.198254,0.051598,-0.018911,96,Excelente
FAN,Industrial,2015,4,2.000213,0.118801,8.417423,0.134818,0.051783,-0.003899,96,Excelente
FAN,Industrial,2016,1,2.383683,0.109525,9.130324,0.122996,0.051098,0.040149,96,Excelente
FAN,Industrial,2016,2,1.361686,0.208328,4.800131,0.263149,-0.081092,0.033589,79,Saludable
FAN,Industrial,2016,3,1.659284,0.164886,6.064788,0.197442,0.045875,-0.00853,96,Excelente
FAN,Industrial,2016,4,1.955482,0.134468,7.436708,0.155359,0.047832,0.011007,96,Excelente
FAN,Industrial,2017,1,1.777303,0.18545,5.392285,0.227672,0.058107,0.124332,97,Excelente
FAN,Industrial,2017,2,1.430962,0.24077,4.153339,0.317124,-0.053394,0.01558,84,Excelente
FAN,Industrial,2017,3,1.519593,0.210293,4.755261,0.266293,0.016982,-0.022266,93,Excelente
FAN,Industrial,2017,4,3.341802,0.339278,2.947435,0.513496,0.024159,0.224093,94,Excelente
FAN,Industrial,2018,1,3.605441,0.336675,2.970221,0.507557,0.018587,0.01459,93,Excelente
FAN,Industrial,2018,2,5.214869,0.347415,2.878402,0.532367,0.017369,0.034111,93,Excelente
FAN,Industrial,2018,3,4.30317,0.361324,2.767598,0.56574,-0.010571,0.010978,91,Excelente
FAN,Industrial,2018,4,4.428273,0.351197,2.847408,0.541299,0.020324,0.004398,94,Excelente
FAN,Industrial,2019,1,3.911076,0.355286,2.814631,0.551076,0.014979,0.021417,93,Excelente
FAN,Industrial,2019,2,4.022368,0.369407,2.70704,0.585809,0.029014,0.052057,94,Excelente
FAN,Industrial,2019,3,2.892462,0.38897,2.570889,0.636582,-0.037597,-0.006783,89,Excelente
FAN,Industrial,2019,4,2.514278,0.383835,2.605287,0.622942,0.021739,0.013224,94,Excelente
FAN,Industrial,2020,1,2.559083,0.39232,2.548943,0.645602,0.012994,0.027137,93,Excelente
FAN,Industrial,2020,2,2.372436,0.398002,2.512552,0.661134,-0.022846,-0.013623,90,Excelente
FAN,Industrial,2020,3,1.805389,0.417888,2.392983,0.717884,-0.023387,0.009977,89,Excelente
FAN,Industrial,2020,4,1.598131,0.413293,2.419592,0.704428,0.007763,-0.00013,92,Excelente
FAN,Industrial,2021,1,1.402276,0.415022,2.409508,0.709468,0.012296,0.01529,87,Excelente
FAN,Industrial,2021,2,1.302784,0.411544,2.429872,0.699363,0.006212,0.000264,82,Excelente
FAN,Industrial,2021,3,1.229302,0.406831,2.458025,0.68586,-0.000742,-0.008682,78,Saludable
FAN,Industrial,2021,4,1.038401,0.397901,2.513188,0.660856,-0.003977,-0.018749,69,Saludable
FAN,Industrial,2022,1,1.133244,0.392197,2.549736,0.645271,0.006453,-0.002991,74,Saludable
FAN,Industrial,2022,2,0.743178,0.415277,2.408031,0.710212,-0.10349,-0.068103,48,Observación
FAN,Industrial,2022,3,0.65258,0.41217,2.426186,0.701171,-0.00034,-0.005625,56,Observación
FAN,Industrial,2022,4,0.550858,0.403836,2.476253,0.67739,0.006983,-0.007093,57,Observación
FAN,Industrial,2023,1,0.55876,0.417208,2.396885,0.715879,-0.064694,-0.043232,51,Observación
FAN,Industrial,2023,2,0.611944,0.413866,2.416244,0.706093,0.003163,-0.002558,56,Observación
FAN,Industrial,2023,3,0.674134,0.408108,2.450334,0.689496,0.009233,-0.000586,57,Observación
FAN,Industrial,2023,4,0.743231,0.408259,2.449423,0.68993,0.009314,0.009573,57,Observación
FAN,Industrial,2024,1,0.716785,0.410749,2.43458,0.697068,-0.040475,-0.036422,53,Observación
FAN,Industrial,2024,2,0.808313,0.407041,2.456757,0.686456,0.000291,-0.005964,57,Observación
FAN,Industrial,2024,3,0.740946,0.398138,2.511692,0.66151,0.008737,-0.006184,58,Observación
FAN,Industrial,2024,4,0.76132,0.394034,2.537855,0.650256,0.01086,0.004013,58,Observación
FAN,Industrial,2025,1,0.730825,0.398812,2.507444,0.663374,-0.035096,-0.027425,54,Observación
FAN,Industrial,2025,2,0.841045,0.411667,2.429149,0.699717,-0.045419,-0.024563,55,Observación
FAN,Industrial,2025,3,0.819275,0.393522,2.541157,0.648863,0.026357,-0.00435,60,Saludable
FAN,Industrial,2025,4,0.923709,0.373926,2.674323,0.597256,0.034566,0.002185,66,Saludable
FAN,Industrial,2026,1,0.690436,0.340514,2.936739,0.516332,-0.016756,-0.066571,56,Observación
FCZ,Comercio,2025,4,2.261421,0.831121,1.203194,4.921405,0.030296,0.035395,56,Observación
FCZ,Comercio,2026,1,2.217344,0.838968,1.191941,5.209934,0.005206,0.054187,54,Observación
EFO,Transporte,2013,2,1.743747,0.182878,5.468137,0.223807,0.020907,0.035654,94,Excelente
EFO,Transporte,2013,3,2.427941,0.168749,5.92596,0.203006,0.044396,0.026645,96,Excelente
EFO,Transporte,2013,4,1.807706,0.239816,4.16987,0.31547,0.012847,0.107534,93,Excelente
EFO,Transporte,2014,1,0.831314,0.24665,4.054333,0.327404,-0.001126,0.007935,58,Observación
EFO,Transporte,2014,2,0.90786,0.266271,3.755566,0.362902,0.001618,0.028404,63,Saludable
EFO,Transporte,2014,3,1.844017,0.310706,3.218481,0.450759,0.038558,0.105507,95,Excelente
EFO,Transporte,2014,4,0.852985,0.340884,2.933549,0.517184,0.003728,0.049685,60,Saludable
EFO,Transporte,2015,1,0.837583,0.363926,2.747811,0.572144,-0.011936,0.023857,58,Observación
EFO,Transporte,2015,2,1.379976,0.398843,2.50725,0.66346,0.001366,0.059529,86,Excelente
EFO,Transporte,2015,3,1.658996,0.386677,2.586138,0.630462,0.020297,5.7e-05,94,Excelente
EFO,Transporte,2015,4,1.395619,0.388038,2.577069,0.634088,0.039817,0.042129,90,Excelente
EFO,Transporte,2016,1,1.29205,0.401864,2.488405,0.67186,-0.016732,0.005996,80,Excelente
EFO,Transporte,2016,2,1.559011,0.394685,2.533668,0.652031,0.028686,0.016486,94,Excelente
EFO,Transporte,2016,3,1.53636,0.402961,2.481627,0.674934,0.027885,0.042135,94,Excelente
EFO,Transporte,2016,4,1.390433,0.39154,2.554021,0.643492,0.016086,-0.002989,88,Excelente
EFO,Transporte,2017,1,1.186967,0.395958,2.525519,0.655515,0.005893,0.013252,77,Saludable
EFO,Transporte,2017,2,1.423755,0.394736,2.53334,0.652171,0.005044,0.003013,89,Excelente
EFO,Transporte,2017,3,1.523654,0.391973,2.551193,0.644664,0.011053,0.006458,93,Excelente
EFO,Transporte,2017,4,1.408499,0.381317,2.622488,0.616337,0.020681,0.003101,89,Excelente
EFO,Transporte,2018,1,1.439029,0.37821,2.644033,0.60826,0.008644,0.003604,90,Excelente
EFO,Transporte,2018,2,1.253175,0.372372,2.685484,0.593302,0.007074,-0.002293,80,Excelente
EFO,Transporte,2018,3,1.268847,0.366431,2.72903,0.578359,0.019638,0.010075,82,Excelente
EFO,Transporte,2018,4,1.474063,0.364461,2.743776,0.573468,0.004956,0.001843,91,Excelente
EFO,Transporte,2019,1,1.526058,0.33826,2.956307,0.511167,0.043244,0.001937,95,Excelente
EFO,Transporte,2019,2,1.296539,0.34547,2.894609,0.527814,-0.006905,0.004034,81,Excelente
EFO,Transporte,2019,3,1.287418,0.342957,2.915821,0.521969,0.009109,0.005249,82,Excelente
EFO,Transporte,2019,4,1.107283,0.341998,2.923998,0.519751,-0.001112,-0.002567,72,Saludable
EFO,Transporte,2020,1,1.34877,0.349904,2.85793,0.538234,-0.009893,0.002149,84,Excelente
EFO,Transporte,2020,2,1.167776,0.358307,2.790901,0.558378,-0.01219,0.000744,74,Saludable
EFO,Transporte,2020,3,1.160234,0.363296,2.752574,0.570589,-0.013236,-0.005503,74,Saludable
EFO,Transporte,2020,4,1.95059,0.357879,2.794239,0.557339,0.060894,0.051944,97,Excelente
EFO,Transporte,2021,1,1.402956,0.358127,2.792305,0.557941,-0.007088,-0.006705,87,Excelente
EFO,Transporte,2021,2,1.104908,0.347846,2.874836,0.53338,0.003493,-0.012327,73,Saludable
EFO,Transporte,2021,3,1.179087,0.348479,2.869614,0.53487,-0.004922,-0.003955,76,Saludable
EFO,Transporte,2021,4,2.205336,0.359331,2.782952,0.560868,0.022711,0.040033,94,Excelente
EFO,Transporte,2022,1,1.590514,0.335969,2.976469,0.505953,0.005377,-0.029995,92,Excelente
EFO,Transporte,2022,2,1.774922,0.327286,3.055432,0.486516,0.015038,0.001937,93,Excelente
EFO,Transporte,2022,3,1.663136,0.319069,3.134122,0.468577,0.007309,-0.004847,93,Excelente
EFO,Transporte,2023,1,2.230899,0.330224,3.028249,0.493036,-0.002842,0.013766,92,Excelente
EFO,Transporte,2023,2,2.125495,0.336801,2.969109,0.507844,-0.009438,0.000386,91,Excelente
EFO,Transporte,2023,3,1.791361,0.338292,2.956024,0.511241,0.010683,0.01296,93,Excelente
EFO,Transporte,2023,4,1.840104,0.341262,2.9303,0.518054,-0.00176,0.00274,92,Excelente
EFO,Transporte,2024,1,2.479822,0.363169,2.753541,0.570275,-0.029525,0.003859,90,Excelente
EFO,Transporte,2024,2,1.410474,0.376802,2.653917,0.604625,-0.001223,0.020626,87,Excelente
EFO,Transporte,2024,3,1.451811,0.361046,2.769733,0.565057,0.006095,-0.018715,90,Excelente
EFO,Transporte,2024,4,1.126717,0.356519,2.804903,0.554046,0.009359,0.002258,74,Saludable
EFO,Transporte,2025,1,1.487779,0.385353,2.595026,0.626949,-0.015644,0.030533,90,Excelente
EFO,Transporte,2025,2,1.349537,0.390818,2.558734,0.641546,-0.012674,-0.003816,83,Excelente
EFO,Transporte,2025,3,1.306043,0.392846,2.54553,0.647027,0.004345,0.007699,83,Excelente
EFO,Transporte,2025,4,1.125927,0.390588,2.560243,0.640926,0.027274,0.023469,75,Saludable
EFO,Transporte,2026,1,0.955541,0.385988,2.590755,0.628632,-0.00943,-0.016851,64,Saludable
FBF,Comercio,2024,2,1.582806,0.637671,1.568207,1.759921,-0.008807,0.068624,70,Saludable
FBF,Comercio,2024,3,1.514649,0.704231,1.419988,2.381018,-0.024932,0.194498,63,Saludable
FBF,Comercio,2024,4,2.132189,0.74861,1.335808,2.977888,-0.065156,0.099878,56,Observación
FBF,Comercio,2025,1,2.863306,0.744884,1.342491,2.919782,0.087679,0.071791,68,Saludable
FBF,Comercio,2025,2,2.301092,0.754202,1.325905,3.068378,-0.003357,0.034424,60,Saludable
FBF,Comercio,2025,3,2.388552,0.742821,1.346219,2.888348,0.026759,-0.018676,64,Saludable
FBF,Comercio,2025,4,2.050437,0.74755,1.337703,2.96118,0.010371,0.029296,62,Saludable
FBF,Comercio,2026,1,1.583556,0.777446,1.286263,3.493295,-0.075759,0.048397,52,Observación
GYE,Eléctricas,2013,2,0.782413,0.665844,1.501853,1.992614,0.028552,0.127197,36,Riesgo
GYE,Eléctricas,2013,3,1.7689,0.651568,1.53476,1.869998,0.010645,-0.030764,71,Saludable
GYE,Eléctricas,2013,4,1.58015,0.671218,1.48983,2.041481,0.174882,0.245072,76,Saludable
GYE,Eléctricas,2014,1,1.460008,0.667993,1.497021,2.011987,0.034167,0.024146,69,Saludable
GYE,Eléctricas,2014,2,1.286157,0.67194,1.488229,2.048261,-0.001286,0.010749,57,Observación
GYE,Eléctricas,2014,3,1.262779,0.67128,1.489692,2.0421,0.01464,0.012583,57,Observación
GYE,Eléctricas,2014,4,1.087701,0.67622,1.47881,2.088513,0.017867,0.033397,48,Observación
GYE,Eléctricas,2015,1,1.103786,0.631961,1.582376,1.717104,0.136449,-0.000215,60,Saludable
GYE,Eléctricas,2015,3,3.643524,0.667021,1.499204,2.003156,-0.024691,-0.109424,66,Saludable
GYE,Eléctricas,2016,1,2.837128,0.664801,1.504209,1.983306,0.000301,0.063071,69,Saludable
GYE,Eléctricas,2016,3,2.064519,0.701799,1.42491,2.353439,0.076441,0.271226,71,Saludable
GYE,Eléctricas,2016,4,1.643365,0.691833,1.445436,2.244962,0.057251,0.023047,71,Saludable
GYE,Eléctricas,2017,1,3.739678,0.680817,1.468824,2.132995,0.06233,0.025678,72,Saludable
GYE,Eléctricas,2017,3,2.35001,0.696393,1.435971,2.29373,0.018108,0.041513,67,Saludable
GYE,Eléctricas,2017,4,1.256756,0.674758,1.482014,2.074629,0.252241,0.168941,63,Saludable
GYE,Eléctricas,2018,1,1.234434,0.675905,1.479498,2.085493,-0.000981,0.002546,54,Observación
GYE,Eléctricas,2018,2,1.228986,0.684462,1.461002,2.16919,-0.037705,-0.011599,50,Observación
GYE,Eléctricas,2018,3,2.319232,0.679648,1.471349,2.121549,0.02794,0.012484,69,Saludable
GYE,Eléctricas,2018,4,1.687512,0.693109,1.442774,2.258465,0.031561,0.076807,68,Saludable
GYE,Eléctricas,2019,1,1.529938,0.700345,1.427868,2.337193,-0.018041,0.00569,64,Saludable
GYE,Eléctricas,2019,2,1.388705,0.697714,1.433252,2.308126,0.02101,0.012114,62,Saludable
GYE,Eléctricas,2019,3,1.592325,0.694187,1.440534,2.269973,0.016527,0.004803,67,Saludable
GYE,Eléctricas,2019,4,1.303072,0.692417,1.444217,2.25113,0.010621,0.004794,57,Observación
GYE,Eléctricas,2020,1,1.316563,0.700474,1.427604,2.338612,-0.032346,-0.006305,53,Observación
GYE,Eléctricas,2020,2,1.261281,0.700886,1.426766,2.343205,0.000167,0.001543,53,Observación
GYE,Eléctricas,2020,3,1.314316,0.697514,1.433663,2.305939,0.006228,-0.004989,57,Observación
GYE,Eléctricas,2020,4,2.125037,0.6925,1.444043,2.252014,0.018936,0.002313,67,Saludable
GYE,Eléctricas,2021,1,2.125221,0.690929,1.447326,2.235487,-0.000435,-0.005514,66,Saludable
GYE,Eléctricas,2021,2,1.642001,0.692845,1.443324,2.255686,0.026589,0.033,68,Saludable
GYE,Eléctricas,2021,3,1.507855,0.695855,1.437081,2.287907,0.005408,0.015358,66,Saludable
GYE,Eléctricas,2021,4,1.294392,0.694062,1.440793,2.268637,0.009511,0.003595,56,Observación
GYE,Eléctricas,2022,1,1.273177,0.704598,1.419249,2.385219,-0.041206,-0.007009,50,Observación
GYE,Eléctricas,2022,2,1.213387,0.702851,1.422777,2.365314,0.013072,0.007115,52,Observación
GYE,Eléctricas,2022,3,1.24594,0.699826,1.428927,2.331399,0.007024,-0.003124,53,Observación
GYE,Eléctricas,2022,4,1.212194,0.695743,1.437312,2.286698,0.015363,0.001739,53,Observación
GYE,Eléctricas,2023,1,1.255459,0.698591,1.431452,2.317774,-0.010878,-0.001523,52,Observación
GYE,Eléctricas,2023,2,1.238719,0.701082,1.426366,2.345404,-0.011935,-0.003709,51,Observación
GYE,Eléctricas,2023,3,1.448127,0.695679,1.437444,2.286005,-0.006778,-0.024413,63,Saludable
GYE,Eléctricas,2023,4,2.475222,0.703684,1.421093,2.374791,0.040768,0.068891,68,Saludable
GYE,Eléctricas,2024,1,2.28184,0.70032,1.427918,2.336894,-0.032835,-0.043699,63,Saludable
GYE,Eléctricas,2024,3,1.304467,0.692796,1.443425,2.255171,0.034311,0.00898,59,Observación
GYE,Eléctricas,2024,4,1.605436,0.703808,1.420842,2.376187,-0.003122,0.033938,65,Saludable
GYE,Eléctricas,2025,1,1.258008,0.702433,1.423624,2.360586,0.092986,0.087935,60,Saludable
GYE,Eléctricas,2025,2,1.207242,0.691525,1.44608,2.24175,0.035907,-0.000725,54,Observación
GYE,Eléctricas,2025,3,1.205922,0.686254,1.457186,2.187292,0.036836,0.019418,55,Observación
GYE,Eléctricas,2025,4,1.203033,0.686855,1.455912,2.193406,0.025214,0.027181,54,Observación
GYE,Eléctricas,2026,1,1.313209,0.693352,1.442268,2.261071,0.035793,0.05774,59,Observación
MSC,Municipios,2025,3,0.489849,0.288082,3.471234,0.404656,-0.002738,-0.006819,57,Observación
SOF,Agroindustrial,2014,4,1.873978,0.683643,1.462751,2.160998,0.08035,-0.005375,73,Saludable
SOF,Agroindustrial,2015,1,1.801329,0.643181,1.554772,1.802544,0.221972,0.0834,79,Saludable
SOF,Agroindustrial,2015,2,1.925756,0.677777,1.475411,2.103442,0.039498,0.151105,70,Saludable
SOF,Agroindustrial,2015,3,1.675974,0.678565,1.473697,2.111046,0.046551,0.049114,71,Saludable
SOF,Agroindustrial,2015,4,1.549501,0.66033,1.514395,1.944032,0.081198,0.023156,75,Saludable
SOF,Agroindustrial,2016,1,1.341653,0.560211,1.785042,1.273818,0.282327,-0.009597,79,Saludable
SOF,Agroindustrial,2016,2,1.185166,0.557899,1.792441,1.261924,0.023036,0.017684,65,Saludable
SOF,Agroindustrial,2016,3,1.141601,0.546067,1.831279,1.202966,0.077325,0.049244,68,Saludable
SOF,Agroindustrial,2016,4,1.061411,0.551268,1.813999,1.228502,0.041246,0.053316,61,Saludable
SOF,Agroindustrial,2017,1,1.062135,0.552026,1.811509,1.232272,0.01646,0.018179,59,Observación
SOF,Agroindustrial,2017,2,1.108167,0.560306,1.784741,1.274304,0.008717,0.02771,60,Saludable
SOF,Agroindustrial,2017,3,1.321604,0.549648,1.819347,1.220481,0.08022,0.054656,77,Saludable
SOF,Agroindustrial,2017,4,1.27139,0.525737,1.902091,1.108535,0.030049,-0.02188,73,Saludable
SOF,Agroindustrial,2018,1,1.202072,0.520116,1.922648,1.083835,0.032157,0.020065,70,Saludable
SOF,Agroindustrial,2018,2,1.236069,0.524698,1.905857,1.103927,0.012741,0.022507,70,Saludable
SOF,Agroindustrial,2018,3,1.259886,0.534188,1.872,1.146789,0.001065,0.021459,69,Saludable
SOF,Agroindustrial,2018,4,1.215101,0.518361,1.929159,1.076241,0.001202,-0.031701,69,Saludable
SOF,Agroindustrial,2019,1,1.186049,0.511852,1.95369,1.048557,0.009188,-0.004267,69,Saludable
SOF,Agroindustrial,2019,2,1.473844,0.533543,1.874262,1.143824,0.024657,0.072309,82,Excelente
SOF,Agroindustrial,2019,3,1.370308,0.530231,1.88597,1.128707,0.015823,0.008659,77,Saludable
SOF,Agroindustrial,2019,4,1.423971,0.509521,1.962626,1.038824,0.037083,-0.006708,83,Excelente
SOF,Agroindustrial,2020,1,1.481061,0.499849,2.000606,0.999395,0.031446,0.0115,87,Excelente
SOF,Agroindustrial,2020,2,1.370936,0.52921,1.889608,1.124092,-0.009099,0.052702,75,Saludable
SOF,Agroindustrial,2020,3,1.429046,0.527701,1.895013,1.117304,0.012839,0.009602,79,Saludable
SOF,Agroindustrial,2020,4,1.492131,0.500369,1.998523,1.001479,0.054625,-0.003068,89,Excelente
SOF,Agroindustrial,2021,1,1.49494,0.485235,2.060859,0.942632,0.038361,0.007831,89,Excelente
SOF,Agroindustrial,2021,2,1.612579,0.486265,2.056492,0.946528,0.024477,0.026532,88,Excelente
SOF,Agroindustrial,2021,3,1.471386,0.500198,1.999207,1.000795,0.014962,0.043259,85,Excelente
SOF,Agroindustrial,2021,4,1.593035,0.481015,2.078939,0.926836,0.023848,-0.013999,88,Excelente
SOF,Agroindustrial,2022,3,2.117468,0.570869,1.751714,1.330293,-0.083259,0.108696,71,Saludable
SOF,Agroindustrial,2022,4,2.04713,0.582115,1.717875,1.393002,-0.010154,0.016484,76,Saludable
SOF,Agroindustrial,2023,1,1.950768,0.595765,1.678513,1.473811,-0.044913,-0.012662,71,Saludable
SOF,Agroindustrial,2023,2,1.894498,0.597835,1.672703,1.486541,0.023161,0.028427,77,Saludable
SOF,Agroindustrial,2023,3,1.879025,0.582879,1.715623,1.397384,0.038594,0.001354,79,Saludable
SOF,Agroindustrial,2023,4,1.902593,0.569837,1.754889,1.324696,0.052773,0.020853,82,Excelente
SOF,Agroindustrial,2024,1,1.954056,0.586582,1.704791,1.41886,0.018761,0.060028,77,Saludable
SOF,Agroindustrial,2024,2,1.788379,0.590488,1.693515,1.441931,0.006744,0.016346,76,Saludable
SOF,Agroindustrial,2024,3,1.646318,0.601422,1.662727,1.508917,0.005594,0.03318,75,Saludable
SOF,Agroindustrial,2024,4,1.551303,0.597314,1.674161,1.483326,0.00597,-0.00429,75,Saludable
SOF,Agroindustrial,2025,1,1.618607,0.590373,1.693844,1.441247,0.054402,0.036535,80,Excelente
SOF,Agroindustrial,2025,2,1.517099,0.621026,1.610239,1.638703,-0.05265,0.023974,68,Saludable
SOF,Agroindustrial,2025,3,1.456834,0.604032,1.65554,1.525459,0.116734,0.068808,80,Excelente
SOF,Agroindustrial,2025,4,1.551247,0.603571,1.656805,1.522521,0.022854,0.021664,76,Saludable
SOF,Agroindustrial,2026,1,1.516201,0.589549,1.696212,1.436344,0.084378,0.047332,82,Excelente
GRB,Agroindustrial,2013,2,2.252079,0.624213,1.602018,1.66108,-0.003118,0.171119,72,Saludable
GRB,Agroindustrial,2013,3,4.217334,0.503559,1.985863,1.014341,0.048764,-0.206123,89,Excelente
GRB,Agroindustrial,2013,4,6.76589,0.465022,2.150436,0.869235,-0.038639,-0.107892,84,Excelente
GRB,Agroindustrial,2014,1,6.569773,0.46075,2.170374,0.854428,0.033351,0.025165,90,Excelente
GRB,Agroindustrial,2014,2,2.608311,0.580245,1.72341,1.382341,0.008779,0.295955,77,Saludable
GRB,Agroindustrial,2014,3,4.708385,0.475003,2.10525,0.904773,0.075375,-0.140197,93,Excelente
GRB,Agroindustrial,2014,4,12.639495,0.399557,2.502771,0.665437,0.027576,-0.101539,94,Excelente
GRB,Agroindustrial,2015,1,7.380766,0.425384,2.350818,0.740292,0.006317,0.051546,91,Excelente
GRB,Agroindustrial,2015,2,2.822497,0.540868,1.84888,1.178023,-0.014703,0.233126,79,Saludable
GRB,Agroindustrial,2015,3,2.818813,0.539339,1.854121,1.170793,-0.01067,-0.013954,80,Excelente
GRB,Agroindustrial,2015,4,3.275349,0.514587,1.943305,1.060104,-0.027683,-0.07726,81,Excelente
GRB,Agroindustrial,2016,1,3.054874,0.527876,1.894384,1.118088,-0.011247,0.016582,81,Excelente
GRB,Agroindustrial,2016,3,2.245568,0.484728,2.063011,0.940724,0.056537,-0.053561,91,Excelente
GRB,Agroindustrial,2016,4,3.321739,0.389844,2.565128,0.638925,0.052652,-0.111045,96,Excelente
GRB,Agroindustrial,2017,1,3.159655,0.397363,2.516594,0.659373,0.01775,0.03045,93,Excelente
GRB,Agroindustrial,2017,2,2.082394,0.389867,2.56498,0.638986,-0.016882,-0.028962,91,Excelente
GRB,Agroindustrial,2017,3,2.158982,0.374689,2.668877,0.599206,-0.000268,-0.024532,92,Excelente
GRB,Agroindustrial,2017,4,3.2817,0.262682,3.80689,0.356266,0.006405,-0.146481,93,Excelente
GRB,Agroindustrial,2018,1,2.03698,0.424548,2.355444,0.737765,0.006456,0.289559,91,Excelente
GRB,Agroindustrial,2018,2,2.58843,0.456648,2.189872,0.840426,0.023704,0.08418,90,Excelente
GRB,Agroindustrial,2018,3,2.018308,0.477016,2.096366,0.912103,-0.066355,-0.029993,81,Excelente
GRB,Agroindustrial,2018,4,1.700266,0.501771,1.992939,1.00711,-0.049344,-0.002109,81,Excelente
GRB,Agroindustrial,2019,1,1.63821,0.563056,1.776022,1.288621,-0.038553,0.096297,75,Saludable
GRB,Agroindustrial,2021,1,1.738655,0.514805,1.942483,1.061028,0.021455,-0.080124,85,Excelente
GRB,Agroindustrial,2021,2,2.220863,0.515769,1.938852,1.06513,0.064601,0.066721,88,Excelente
GRB,Agroindustrial,2021,3,2.081707,0.498365,2.006562,0.99348,0.088302,0.050543,92,Excelente
GRB,Agroindustrial,2021,4,1.688444,0.517463,1.932507,1.072378,0.003281,0.042989,83,Excelente
GRB,Agroindustrial,2022,1,1.459496,0.609818,1.639833,1.562908,-0.01426,0.219063,71,Saludable
GRB,Agroindustrial,2022,2,1.680816,0.581491,1.719716,1.389436,0.053226,-0.018062,81,Excelente
GRB,Agroindustrial,2022,3,1.641518,0.577776,1.730773,1.368413,0.050393,0.041151,81,Excelente
GRB,Agroindustrial,2022,4,1.673858,0.520185,1.922393,1.084138,0.003354,-0.117076,83,Excelente
GRB,Agroindustrial,2024,2,1.814849,0.504383,1.982619,1.017689,0.062505,0.028628,90,Excelente
GRB,Agroindustrial,2024,3,1.919134,0.470875,2.123707,0.889912,0.052337,-0.014306,91,Excelente
GRB,Agroindustrial,2024,4,2.048711,0.450897,2.217803,0.821151,0.070225,0.031287,94,Excelente
GRB,Agroindustrial,2025,1,2.032585,0.49115,2.036039,0.965215,-0.013792,0.064223,85,Excelente
GRB,Agroindustrial,2025,2,1.864499,0.52476,1.905634,1.104199,0.014566,0.086319,83,Excelente
GRB,Agroindustrial,2025,3,1.937837,0.505263,1.979168,1.021275,-0.05434,-0.091607,80,Excelente
GRB,Agroindustrial,2025,4,1.666518,0.542806,1.84228,1.187254,-0.109362,-0.036226,72,Saludable
GRB,Agroindustrial,2026,1,1.786426,0.508199,1.967734,1.033342,0.059195,-0.015338,89,Excelente
GNI,Servicios,2019,2,2.331955,0.249882,4.00189,0.333123,0.041329,0.036918,95,Excelente
GNI,Servicios,2019,3,2.156839,0.23953,4.174837,0.314977,0.048833,0.034556,96,Excelente
GNI,Servicios,2019,4,1.613781,0.275478,3.630052,0.380221,0.047163,0.099119,96,Excelente
GNI,Servicios,2020,1,2.219641,0.270394,3.698305,0.370603,-0.032056,-0.038801,89,Excelente
GNI,Servicios,2020,2,2.321936,0.243513,4.106565,0.321899,0.124911,0.084938,100,Excelente
GNI,Servicios,2020,3,2.993479,0.241437,4.141871,0.318282,0.008555,0.005795,93,Excelente
GNI,Servicios,2020,4,2.636642,0.236115,4.235225,0.309098,0.006476,-0.000533,93,Excelente
GNI,Servicios,2021,1,2.817647,0.249592,4.006533,0.33261,-0.15034,-0.135079,80,Excelente
GNI,Servicios,2021,2,3.162794,0.258319,3.871175,0.348289,0.105913,0.118922,100,Excelente
GNI,Servicios,2021,3,2.659258,0.291769,3.42737,0.411969,0.000256,0.047498,92,Excelente
GNI,Servicios,2021,4,1.349024,0.284051,3.520498,0.396747,0.003663,-0.007157,85,Excelente
GNI,Servicios,2022,1,1.359806,0.264902,3.774979,0.360363,0.02582,-0.000902,87,Excelente
GNI,Servicios,2022,2,1.028525,0.319022,3.134581,0.468475,-0.001192,0.078184,68,Saludable
GNI,Servicios,2022,3,1.285879,0.365679,2.734638,0.576489,-0.032151,0.039042,79,Saludable
GNI,Servicios,2022,4,1.010329,0.348149,2.872334,0.534093,0.071915,0.043088,73,Saludable
GNI,Servicios,2023,1,1.101995,0.363964,2.747521,0.572237,-0.076018,-0.053046,66,Saludable
GNI,Servicios,2023,2,1.449349,0.327047,3.057662,0.485988,0.162924,0.099132,97,Excelente
GNI,Servicios,2023,3,0.6341,0.3196,3.128911,0.469724,0.051777,0.040265,61,Saludable
GNI,Servicios,2023,4,0.783121,0.334527,2.989297,0.50269,-0.036968,-0.015367,54,Observación
GNI,Servicios,2024,1,0.769769,0.321783,3.107685,0.474454,-0.02609,-0.04439,55,Observación
GNI,Servicios,2024,2,1.077504,0.343778,2.908857,0.523874,-0.004367,0.029004,71,Saludable
GNI,Servicios,2024,3,1.139925,0.323029,3.095702,0.477167,0.015244,-0.015873,75,Saludable
GNI,Servicios,2024,4,1.667022,0.298686,3.347999,0.425894,0.055505,0.018868,96,Excelente
GNI,Servicios,2025,1,1.72798,0.3034,3.295979,0.435544,-0.040654,-0.034162,89,Excelente
GNI,Servicios,2025,2,1.72109,0.291434,3.431306,0.411302,0.034864,0.017388,95,Excelente
GNI,Servicios,2025,3,2.145142,0.273216,3.660102,0.375925,0.001999,-0.023117,92,Excelente
GNI,Servicios,2025,4,1.09406,0.33263,3.006341,0.49842,0.169299,0.273399,80,Excelente
GNI,Servicios,2026,1,1.690623,0.359984,2.777902,0.562461,-0.001838,0.040822,92,Excelente
IEL,Comercio,2020,2,2.8144,0.652723,1.532044,1.879542,0.157349,0.118814,78,Saludable
IEL,Comercio,2020,3,4.157979,0.655839,1.524764,1.905617,0.1145,0.124592,77,Saludable
IEL,Comercio,2020,4,5.388042,0.635492,1.573585,1.743421,0.088239,0.027492,78,Saludable
IEL,Comercio,2021,1,4.761701,0.639928,1.562675,1.777224,-0.009439,0.002765,70,Saludable
IEL,Comercio,2021,2,4.669031,0.644058,1.552654,1.809449,0.001937,0.013563,71,Saludable
IEL,Comercio,2021,3,6.142013,0.65689,1.522324,1.914519,0.009373,0.047122,70,Saludable
IEL,Comercio,2021,4,5.059767,0.664699,1.504439,1.982398,0.009219,0.032724,69,Saludable
IEL,Comercio,2022,1,5.562199,0.663873,1.506313,1.975063,0.012723,0.010233,70,Saludable
IEL,Comercio,2022,2,8.208785,0.653659,1.529851,1.887326,0.018371,-0.011661,71,Saludable
IEL,Comercio,2022,3,7.743893,0.65241,1.532777,1.876956,0.02083,0.017163,71,Saludable
IEL,Comercio,2022,4,8.897701,0.651236,1.535541,1.867271,0.014189,0.010775,71,Saludable
IEL,Comercio,2023,1,7.968486,0.646644,1.546447,1.830003,0.001459,-0.011558,70,Saludable
IEL,Comercio,2023,2,8.81242,0.638817,1.565393,1.76868,-0.000122,-0.021789,71,Saludable
IEL,Comercio,2023,3,7.780994,0.640745,1.560683,1.78354,-1.6e-05,0.005352,71,Saludable
IEL,Comercio,2023,4,8.169553,0.635474,1.57363,1.743285,0.006889,-0.007672,72,Saludable
IEL,Comercio,2024,1,6.236239,0.632978,1.579834,1.724631,0.007065,0.000217,72,Saludable
IEL,Comercio,2024,2,6.062755,0.631578,1.583335,1.71428,-0.001782,-0.005574,71,Saludable
IEL,Comercio,2024,3,5.132835,0.627083,1.594686,1.681559,0.00361,-0.008489,72,Saludable
IEL,Comercio,2024,4,4.67669,0.619893,1.613182,1.630837,0.013638,-0.005535,74,Saludable
IEL,Comercio,2025,1,4.085313,0.616401,1.622321,1.606888,0.02163,0.01233,75,Saludable
IEL,Comercio,2025,2,3.513332,0.609118,1.641719,1.558315,0.038277,0.018931,77,Saludable
IEL,Comercio,2025,3,3.080382,0.613356,1.630374,1.58636,0.010918,0.022,74,Saludable
IEL,Comercio,2025,4,2.517585,0.626217,1.596891,1.675348,-0.026609,0.006882,70,Saludable
IEL,Comercio,2026,1,2.635126,0.64502,1.55034,1.817057,-0.016698,0.035386,69,Saludable
TSM,Industrial,2017,3,3.606337,0.656595,1.52301,1.912011,0.031104,0.004022,72,Saludable
TSM,Industrial,2017,4,2.395036,0.666647,1.500043,1.999784,0.223562,0.260434,76,Saludable
TSM,Industrial,2018,1,2.206966,0.578961,1.727231,1.375078,0.345995,0.065698,85,Excelente
TSM,Industrial,2018,2,2.321119,0.598725,1.670217,1.49203,0.003317,0.052715,75,Saludable
TSM,Industrial,2018,3,11.554479,0.626894,1.595167,1.680201,0.006213,0.082198,73,Saludable
TSM,Industrial,2018,4,7.923775,0.648153,1.542846,1.842113,0.001635,0.062138,70,Saludable
TSM,Industrial,2019,1,12.15429,0.651775,1.534273,1.871703,0.014231,0.024796,71,Saludable
TSM,Industrial,2019,2,2.962271,0.556419,1.797207,1.254379,0.489781,0.169526,87,Excelente
TSM,Industrial,2019,3,2.406671,0.586277,1.705679,1.417075,0.046536,0.122063,80,Excelente
TSM,Industrial,2019,4,2.133451,0.607507,1.646071,1.547819,0.040558,0.096843,77,Saludable
TSM,Industrial,2020,1,1.609577,0.617132,1.620398,1.611869,-0.073813,-0.050529,67,Saludable
TSM,Industrial,2020,2,2.446621,0.610201,1.638803,1.565427,0.083626,0.064358,80,Excelente
TSM,Industrial,2020,3,8.169456,0.667103,1.499019,2.003914,0.037041,0.214291,71,Saludable
TSM,Industrial,2020,4,8.537593,0.661358,1.51204,1.952972,0.02318,0.005831,71,Saludable
TSM,Industrial,2021,1,8.443074,0.656669,1.522838,1.91264,0.039892,0.025689,72,Saludable
TSM,Industrial,2021,2,3.34831,0.683774,1.462472,2.162294,0.055182,0.145626,71,Saludable
TSM,Industrial,2021,3,3.265658,0.67812,1.474664,2.106752,0.022765,0.004801,69,Saludable
TSM,Industrial,2021,4,3.506545,0.647135,1.545273,1.833943,0.150285,0.049276,78,Saludable
TSM,Industrial,2022,1,3.940583,0.550387,1.816902,1.224136,0.44043,0.130479,88,Excelente
TSM,Industrial,2022,2,2.014828,0.612528,1.632577,1.580843,-0.02977,0.125837,71,Saludable
TSM,Industrial,2022,3,3.022162,0.690369,1.448501,2.229648,0.031356,0.290628,69,Saludable
TSM,Industrial,2022,4,3.229825,0.679656,1.471333,2.121642,0.031617,-0.002882,70,Saludable
TSM,Industrial,2023,1,3.061009,0.682993,1.464143,2.154509,0.004853,0.015433,67,Saludable
TSM,Industrial,2023,2,4.400478,0.655734,1.525008,1.904732,-0.015768,-0.093701,68,Saludable
TSM,Industrial,2023,3,5.44414,0.634831,1.575222,1.73846,0.038749,-0.02071,74,Saludable
TSM,Industrial,2023,4,3.667174,0.652842,1.531765,1.880531,0.026957,0.080236,72,Saludable
TSM,Industrial,2024,1,2.455931,0.64878,1.541356,1.847215,0.043049,0.030985,73,Saludable
TSM,Industrial,2024,2,2.081543,0.682021,1.466231,2.144859,-0.012897,0.090293,66,Saludable
TSM,Industrial,2024,3,2.27381,0.666111,1.501251,1.995007,0.011159,-0.037023,69,Saludable
TSM,Industrial,2024,4,2.303854,0.664512,1.504865,1.980729,0.021841,0.016969,70,Saludable
TSM,Industrial,2025,1,1.938945,0.637824,1.567831,1.761087,0.061588,-0.016637,76,Saludable
TSM,Industrial,2025,2,2.337189,0.647964,1.543295,1.840619,0.017258,0.046559,71,Saludable
TSM,Industrial,2025,3,3.088003,0.626322,1.596623,1.6761,0.069236,0.00731,78,Saludable
TSM,Industrial,2025,4,3.499359,0.611558,1.635168,1.574387,0.054409,0.014333,78,Saludable
TSM,Industrial,2026,1,2.28823,0.599353,1.668466,1.495962,0.03123,-0.000184,77,Saludable
FIN,Industrial,2013,2,1.836476,0.640037,1.562409,1.778064,-0.041357,0.120272,68,Saludable
FIN,Industrial,2013,3,1.89004,0.619271,1.614802,1.62654,0.12186,0.060671,81,Excelente
FIN,Industrial,2013,4,2.0905,0.576572,1.73439,1.361675,-0.045095,-0.141389,73,Saludable
FIN,Industrial,2014,1,2.98573,0.526823,1.898171,1.113374,0.013252,-0.093279,83,Excelente
FIN,Industrial,2014,2,2.189617,0.59524,1.679995,1.470598,-0.005834,0.16221,75,Saludable
FIN,Industrial,2014,3,2.155787,0.605009,1.652869,1.531701,-0.060066,-0.036819,69,Saludable
FIN,Industrial,2014,4,2.407327,0.541988,1.84506,1.183349,0.043941,-0.0997,84,Excelente
FIN,Industrial,2015,1,2.551099,0.517688,1.931664,1.073348,0.022512,-0.029004,85,Excelente
FIN,Industrial,2015,3,1.917702,0.583441,1.71397,1.400618,-0.070444,-0.123274,71,Saludable
FIN,Industrial,2016,1,3.059333,0.556868,1.795757,1.256665,-0.003476,-0.024287,79,Saludable
FIN,Industrial,2016,2,1.906349,0.6323,1.581528,1.719606,0.056843,0.273648,76,Saludable
FIN,Industrial,2016,3,1.935865,0.606912,1.647684,1.54396,0.090728,0.020282,81,Excelente
FIN,Industrial,2016,4,2.848544,0.469181,2.131374,0.883881,-0.003032,-0.261714,87,Excelente
FIN,Industrial,2017,1,3.419374,0.433651,2.306002,0.765696,0.028796,-0.035746,92,Excelente
FIN,Industrial,2017,2,2.012778,0.527187,1.896859,1.115004,-0.001261,0.196321,82,Excelente
FIN,Industrial,2017,3,1.969661,0.602502,1.659746,1.515735,-0.002924,0.185992,74,Saludable
FIN,Industrial,2017,4,4.333174,0.4407,2.269115,0.787951,0.015653,-0.278169,90,Excelente
FIN,Industrial,2018,1,2.768198,0.499796,2.000814,0.999186,0.021405,0.142078,87,Excelente
FIN,Industrial,2018,2,2.255652,0.520287,1.922015,1.084581,0.047695,0.092447,87,Excelente
FIN,Industrial,2018,3,2.269157,0.504454,1.982341,1.017976,-0.034671,-0.065515,82,Excelente
FIN,Industrial,2018,4,2.40818,0.467312,2.139897,0.877272,0.028795,-0.042938,90,Excelente
FIN,Industrial,2019,1,1.90257,0.530223,1.885998,1.128671,-0.009427,0.123228,81,Excelente
FIN,Industrial,2019,2,2.402122,0.403256,2.479815,0.67576,0.647902,0.297283,100,Excelente
FIN,Industrial,2019,3,1.549718,0.582586,1.716483,1.395706,-0.152865,0.211084,64,Saludable
FIN,Industrial,2019,4,1.550771,0.592949,1.686485,1.456695,-0.008219,0.01703,75,Saludable
FIN,Industrial,2020,1,1.833063,0.589779,1.695549,1.437712,-0.022422,-0.029976,74,Saludable
FIN,Industrial,2020,2,1.792405,0.59281,1.686881,1.455856,-0.024796,-0.017538,73,Saludable
FIN,Industrial,2020,3,1.763692,0.595632,1.678889,1.472993,-0.011964,-0.005069,74,Saludable
FIN,Industrial,2020,4,1.653789,0.619178,1.615045,1.625898,0.033621,0.09753,75,Saludable
FIN,Industrial,2021,1,2.329419,0.511767,1.954015,1.048202,0.145809,-0.106268,92,Excelente
FIN,Industrial,2021,2,1.373229,0.701435,1.425649,2.349352,-0.045955,0.560116,55,Observación
FIN,Industrial,2021,3,2.329106,0.635865,1.572661,1.746233,0.089537,-0.106657,78,Saludable
FIN,Industrial,2021,4,1.966716,0.679775,1.471075,2.122805,-0.002192,0.134631,67,Saludable
FIN,Industrial,2022,1,1.829695,0.666115,1.501242,1.995043,0.070882,0.02707,74,Saludable
FIN,Industrial,2022,2,2.588056,0.635773,1.572887,1.745543,0.055839,-0.032117,76,Saludable
FIN,Industrial,2022,3,3.917912,0.600298,1.66584,1.501863,0.106358,0.008164,83,Excelente
FIN,Industrial,2022,4,3.622166,0.60432,1.654752,1.527296,0.056548,0.067288,79,Saludable
FIN,Industrial,2023,1,2.863699,0.645205,1.549896,1.818525,-0.022014,0.090683,69,Saludable
FIN,Industrial,2023,2,2.825483,0.633871,1.577609,1.731274,0.034912,0.002875,74,Saludable
FIN,Industrial,2023,3,2.680037,0.617038,1.620645,1.611228,-0.029779,-0.072422,71,Saludable
FIN,Industrial,2023,4,3.32902,0.580825,1.721688,1.385641,0.058381,-0.033054,81,Excelente
FIN,Industrial,2024,1,4.332943,0.561346,1.781432,1.279702,0.021113,-0.024232,80,Excelente
FIN,Industrial,2024,2,4.135173,0.544745,1.835721,1.196572,0.056192,0.017677,85,Excelente
FIN,Industrial,2024,3,4.563628,0.528251,1.893039,1.119772,0.024545,-0.011276,84,Excelente
FIN,Industrial,2024,4,1.799382,0.621412,1.609239,1.641391,-0.68043,-0.601793,61,Saludable
FIN,Industrial,2025,1,1.408409,0.542192,1.844367,1.18432,1.125503,0.757702,84,Excelente
FIN,Industrial,2025,2,1.195914,0.68728,1.455012,2.197745,-0.002202,0.460731,51,Observación
FIN,Industrial,2025,3,1.127051,0.691012,1.447152,2.236375,-0.048559,-0.037065,44,Observación
FIN,Industrial,2025,4,1.261537,0.693455,1.442054,2.262166,-0.007229,0.000682,53,Observación
FIN,Industrial,2026,1,1.384462,0.64105,1.55994,1.785904,0.108721,-0.053147,73,Saludable
IOL,Industrial,2013,2,1.553731,0.708431,1.411571,2.429715,0.060241,0.216048,69,Saludable
IOL,Industrial,2013,3,1.469235,0.704719,1.419004,2.38661,0.010634,-0.002068,64,Saludable
IOL,Industrial,2013,4,1.551504,0.673371,1.485066,2.061569,-0.004394,-0.099952,67,Saludable
IOL,Industrial,2014,1,1.401484,0.692446,1.444156,2.251459,0.033234,0.09732,64,Saludable
IOL,Industrial,2014,2,1.61866,0.635791,1.572845,1.745678,0.32344,0.117572,79,Saludable
IOL,Industrial,2014,3,1.605026,0.61113,1.636314,1.571552,0.019344,-0.045301,75,Saludable
IOL,Industrial,2014,4,1.569215,0.618142,1.617751,1.61878,-0.003707,0.014591,73,Saludable
IOL,Industrial,2015,1,1.529421,0.612638,1.632285,1.581565,-0.041632,-0.055251,70,Saludable
IOL,Industrial,2015,2,1.401403,0.66993,1.492693,2.029662,0.014205,0.190246,64,Saludable
IOL,Industrial,2015,3,1.344428,0.676261,1.478719,2.088906,0.008531,0.028253,60,Saludable
IOL,Industrial,2015,4,1.321978,0.64154,1.558748,1.789711,-0.013214,-0.108796,61,Saludable
IOL,Industrial,2016,1,1.401382,0.667562,1.497989,2.008078,-0.048808,0.025649,59,Observación
IOL,Industrial,2016,2,1.496036,0.675465,1.480462,2.081336,0.060199,0.086019,72,Saludable
IOL,Industrial,2016,3,1.459763,0.640807,1.560532,1.78402,0.049314,-0.051934,73,Saludable
IOL,Industrial,2016,4,1.77614,0.643342,1.554384,1.803805,-0.021706,-0.014754,69,Saludable
IOL,Industrial,2017,1,1.716083,0.662637,1.509123,1.964166,0.003447,0.060839,69,Saludable
IOL,Industrial,2017,2,1.512316,0.696662,1.435417,2.296647,0.00911,0.122298,66,Saludable
IOL,Industrial,2017,3,2.037985,0.685106,1.459627,2.175675,-0.002331,-0.038941,66,Saludable
IOL,Industrial,2017,4,2.352508,0.68872,1.451969,2.212541,-0.013635,-0.002184,65,Saludable
IOL,Industrial,2018,1,2.127982,0.713029,1.402468,2.484671,0.021125,0.107624,66,Saludable
IOL,Industrial,2018,2,2.478419,0.709886,1.408676,2.446929,0.02042,0.009368,66,Saludable
IOL,Industrial,2018,3,2.396477,0.710791,1.406884,2.457711,-0.076999,-0.074112,58,Observación
IOL,Industrial,2018,4,2.195523,0.712839,1.402841,2.482368,-0.014127,-0.007097,63,Saludable
IOL,Industrial,2019,1,2.57733,0.6921,1.444879,2.247804,0.182116,0.102491,74,Saludable
IOL,Industrial,2019,2,2.16381,0.695188,1.43846,2.280708,0.000711,0.010849,66,Saludable
IOL,Industrial,2019,3,2.063239,0.692457,1.444134,2.25157,0.006235,-0.002703,66,Saludable
IOL,Industrial,2019,4,2.416238,0.709835,1.408778,2.446314,-0.045342,0.011836,61,Saludable
IOL,Industrial,2020,1,2.257979,0.713723,1.401104,2.493119,0.008055,0.021745,65,Saludable
IOL,Industrial,2020,2,2.116377,0.713872,1.400811,2.494943,-0.003535,-0.003014,64,Saludable
IOL,Industrial,2020,3,2.220909,0.712972,1.402579,2.483985,0.009249,0.006084,65,Saludable
IOL,Industrial,2020,4,2.138582,0.704833,1.418777,2.387911,0.01363,-0.014321,66,Saludable
IOL,Industrial,2021,1,2.181783,0.711044,1.406384,2.460729,0.041403,0.063786,68,Saludable
IOL,Industrial,2021,2,2.420253,0.690741,1.44772,2.233536,0.109884,0.037021,74,Saludable
IOL,Industrial,2021,3,2.275906,0.698507,1.431626,2.316822,-0.011739,0.013715,64,Saludable
IOL,Industrial,2021,4,2.100007,0.706999,1.414429,2.412961,-0.027538,0.00065,62,Saludable
IOL,Industrial,2022,1,2.051309,0.71266,1.403194,2.480193,0.007946,0.027801,65,Saludable
IOL,Industrial,2022,2,1.920705,0.703935,1.420585,2.377641,0.107652,0.075013,73,Saludable
IOL,Industrial,2022,3,2.185305,0.689095,1.451179,2.216418,0.004722,-0.043235,67,Saludable
IOL,Industrial,2022,4,2.022013,0.69731,1.434082,2.303711,-0.015052,0.011679,64,Saludable
IOL,Industrial,2023,1,1.889538,0.712429,1.403649,2.477398,-0.011579,0.040386,63,Saludable
IOL,Industrial,2023,2,1.841321,0.697969,1.432729,2.310915,0.045744,-0.004322,69,Saludable
IOL,Industrial,2023,3,1.774724,0.704651,1.419141,2.38583,-0.035852,-0.014037,62,Saludable
IOL,Industrial,2023,4,1.620554,0.703213,1.422044,2.369423,-0.005635,-0.010453,65,Saludable
IOL,Industrial,2024,1,1.095492,0.707962,1.412505,2.424212,-0.006021,0.010141,44,Observación
IOL,Industrial,2024,2,1.084462,0.707865,1.412698,2.423077,0.022786,0.022447,46,Observación
IOL,Industrial,2024,3,1.262704,0.702533,1.423421,2.361715,0.026482,0.008081,55,Observación
IOL,Industrial,2024,4,1.181033,0.703271,1.421927,2.370078,0.006097,0.008599,50,Observación
IOL,Industrial,2025,1,1.781107,0.700607,1.427333,2.340093,0.007154,-0.001808,66,Saludable
IOL,Industrial,2025,2,1.404063,0.700427,1.427701,2.33808,0.018975,0.01836,62,Saludable
IOL,Industrial,2025,3,1.399315,0.706775,1.414877,2.410352,-0.051938,-0.031411,55,Observación
IOL,Industrial,2025,4,1.406003,0.713137,1.402255,2.485983,-0.027429,-0.005861,57,Observación
IOL,Industrial,2026,1,1.401317,0.713615,1.401315,2.491806,0.006056,0.007736,60,Saludable
ICT,Construcción,2020,2,1.557215,0.602165,1.660675,1.513604,-0.07726,0.006805,68,Saludable
ICT,Construcción,2020,3,1.646674,0.613264,1.63062,1.58574,-0.025438,0.00253,71,Saludable
ICT,Construcción,2020,4,1.641866,0.598665,1.670383,1.491656,0.000753,-0.035668,75,Saludable
ICT,Construcción,2021,1,1.617499,0.591239,1.691362,1.446419,-0.036134,-0.053626,73,Saludable
ICT,Construcción,2021,2,1.584506,0.602968,1.658463,1.518688,-0.02642,0.00234,72,Saludable
ICT,Construcción,2021,3,1.345851,0.609841,1.63977,1.563094,-0.037313,-0.020332,63,Saludable
ICT,Construcción,2021,4,1.500141,0.594682,1.681571,1.467169,0.063169,0.023362,80,Excelente
ICT,Construcción,2022,1,1.341764,0.591166,1.691572,1.445981,0.064397,0.055265,73,Saludable
ICT,Construcción,2022,2,1.342095,0.60002,1.666612,1.500123,-0.003548,0.018509,66,Saludable
ICT,Construcción,2022,3,1.373508,0.564268,1.772208,1.295011,0.067761,-0.019831,77,Saludable
ICT,Construcción,2022,4,1.480478,0.543727,1.839159,1.191689,0.06582,0.017837,85,Excelente
ICT,Construcción,2023,1,1.559241,0.557261,1.794491,1.258667,-0.079378,-0.051251,73,Saludable
ICT,Construcción,2023,2,1.364344,0.592215,1.688576,1.452272,-0.054698,0.02633,64,Saludable
ICT,Construcción,2023,3,1.547921,0.546105,1.831151,1.203151,0.135919,0.020523,88,Excelente
ICT,Construcción,2023,4,1.55989,0.526231,1.900305,1.110734,0.032523,-0.010789,85,Excelente
ICT,Construcción,2024,1,1.378944,0.531076,1.88297,1.132541,-0.013408,-0.003215,75,Saludable
ICT,Construcción,2024,2,1.328785,0.533443,1.874613,1.143363,-0.001157,0.003912,73,Saludable
ICT,Construcción,2024,3,1.209182,0.521153,1.918823,1.088349,0.017884,-0.008243,70,Saludable
ICT,Construcción,2024,4,1.202119,0.510589,1.958522,1.043273,0.016985,-0.004966,70,Saludable
ICT,Construcción,2025,1,1.303312,0.480834,2.07972,0.926166,0.037003,-0.022431,79,Saludable
ICT,Construcción,2025,2,1.099214,0.548224,1.824072,1.213486,0.065884,0.224878,65,Saludable
ICT,Construcción,2025,3,1.528181,0.625952,1.597567,1.673452,-0.002061,0.205312,72,Saludable
ICT,Construcción,2025,4,1.419074,0.621585,1.608791,1.642601,0.054614,0.042443,73,Saludable
ICT,Construcción,2026,1,1.258179,0.608708,1.642823,1.555639,0.102402,0.066125,70,Saludable
AGU,Industrial,2013,2,0.965703,0.828031,1.207684,4.815008,0.093371,0.025364,35,Riesgo
AGU,Industrial,2013,3,1.103068,0.820065,1.219415,4.557563,0.082564,0.034636,42,Observación
AGU,Industrial,2013,4,1.065831,0.818521,1.221716,4.510279,0.015375,0.006736,34,Riesgo
AGU,Industrial,2014,1,0.881249,0.822123,1.216363,4.62187,0.011048,0.031523,25,Riesgo
AGU,Industrial,2014,2,1.053381,0.822955,1.215134,4.648265,0.033983,0.038837,35,Riesgo
AGU,Industrial,2014,3,1.337526,0.813864,1.228706,4.372421,0.090297,0.03705,54,Observación
AGU,Industrial,2014,4,1.461125,0.815552,1.226164,4.421584,-0.01239,-0.003352,52,Observación
AGU,Industrial,2015,1,1.106148,0.7977,1.253605,3.94314,0.133999,0.033925,45,Observación
AGU,Industrial,2015,2,1.163824,0.783675,1.276039,3.62267,0.06846,-0.000809,47,Observación
AGU,Industrial,2015,3,1.163748,0.775366,1.289714,3.451684,0.059958,0.020751,47,Observación
AGU,Industrial,2015,4,1.265173,0.771806,1.295663,3.382227,0.019644,0.003736,49,Observación
AGU,Industrial,2016,1,0.715542,0.776079,1.288528,3.465871,-0.026887,-0.008313,21,Riesgo
AGU,Industrial,2016,2,0.716074,0.77251,1.294481,3.395806,0.018372,0.002395,25,Riesgo
AGU,Industrial,2016,3,0.791909,0.77358,1.292691,3.416572,0.028308,0.033166,26,Riesgo
AGU,Industrial,2016,4,0.846884,0.762774,1.311004,3.215402,0.029987,-0.016927,29,Riesgo
AGU,Industrial,2017,1,0.627121,0.754526,1.325336,3.07375,0.030027,-0.004586,28,Riesgo
AGU,Industrial,2017,2,0.697086,0.75668,1.321562,3.109822,0.016492,0.025493,27,Riesgo
AGU,Industrial,2017,3,1.319389,0.753291,1.327508,3.053365,0.035806,0.021577,54,Observación
AGU,Industrial,2017,4,1.369841,0.753034,1.327962,3.049137,0.02119,0.020124,56,Observación
AGU,Industrial,2018,1,1.061507,0.744581,1.343037,2.915139,0.036218,0.001926,42,Observación
AGU,Industrial,2018,2,1.046016,0.740001,1.35135,2.846161,0.002966,-0.014705,39,Riesgo
AGU,Industrial,2018,3,1.065125,0.731302,1.367423,2.721657,0.021162,-0.011894,42,Observación
AGU,Industrial,2018,4,1.146243,0.706071,1.416288,2.402181,0.027701,-0.060519,49,Observación
AGU,Industrial,2019,1,1.033087,0.683575,1.462898,2.160303,0.013049,-0.058974,44,Observación
AGU,Industrial,2019,2,1.037214,0.665715,1.502144,1.991461,-0.008112,-0.061104,45,Observación
AGU,Industrial,2019,3,1.074283,0.656553,1.523105,1.911662,0.010368,-0.016584,49,Observación
AGU,Industrial,2019,4,1.161621,0.63308,1.579578,1.725395,0.016886,-0.048166,56,Observación
AGU,Industrial,2020,1,1.02544,0.591416,1.690857,1.447478,0.012102,-0.091106,53,Observación
AGU,Industrial,2020,2,0.94812,0.56804,1.760439,1.31503,-0.053755,-0.104962,46,Observación
AGU,Industrial,2020,3,1.021852,0.565293,1.768994,1.3004,0.00711,0.000745,55,Observación
AGU,Industrial,2020,4,1.080478,0.542858,1.842102,1.187505,-0.00188,-0.050865,59,Observación
AGU,Industrial,2021,1,0.973224,0.501454,1.9942,1.005833,0.00515,-0.078328,59,Observación
AGU,Industrial,2021,2,0.89737,0.486677,2.054751,0.948091,-0.006955,-0.035542,55,Observación
AGU,Industrial,2021,3,0.814711,0.496027,2.016019,0.984234,0.004417,0.023052,51,Observación
AGU,Industrial,2021,4,0.924806,0.50067,1.997322,1.002685,-0.009854,-0.000647,55,Observación
AGU,Industrial,2022,1,0.761191,0.491924,2.032834,0.96821,-0.02167,-0.038511,49,Observación
ITA,Industrial,2019,2,2.320285,0.56816,1.760067,1.315674,-0.010109,-0.009047,77,Saludable
ITA,Industrial,2019,3,2.670535,0.565105,1.769584,1.299403,0.007962,0.000879,79,Saludable
ITA,Industrial,2019,4,2.795747,0.568606,1.758688,1.318066,-0.012722,-0.004709,77,Saludable
ITA,Industrial,2020,1,2.856171,0.573374,1.744063,1.34397,-0.020585,-0.009641,76,Saludable
ITA,Industrial,2020,2,2.610556,0.583584,1.71355,1.401444,-0.029817,-0.006027,74,Saludable
ITA,Industrial,2020,3,2.788665,0.578521,1.728544,1.3726,0.00668,-0.005411,77,Saludable
ITA,Industrial,2020,4,2.411673,0.586351,1.705463,1.417506,-0.01902,-0.000454,74,Saludable
ITA,Industrial,2021,1,3.009686,0.582083,1.717967,1.392821,-0.006898,-0.017038,76,Saludable
ITA,Industrial,2021,2,3.093483,0.579826,1.724656,1.379965,0.010415,0.004986,77,Saludable
ITA,Industrial,2021,3,3.045132,0.578984,1.727164,1.375205,0.018935,0.016897,78,Saludable
ITA,Industrial,2021,4,2.752329,0.586744,1.70432,1.419811,-0.031347,-0.013155,73,Saludable
ITA,Industrial,2022,1,3.05069,0.582962,1.715378,1.397865,-0.009784,-0.018764,76,Saludable
ITA,Industrial,2022,2,4.786005,0.578975,1.72719,1.375159,0.008081,-0.001465,77,Saludable
ITA,Industrial,2022,3,4.376516,0.586158,1.706023,1.416384,-0.024694,-0.007766,74,Saludable
ITA,Industrial,2022,4,3.542502,0.587986,1.70072,1.427104,-0.006648,-0.002242,75,Saludable
ITA,Industrial,2023,1,3.891171,0.584929,1.709609,1.409224,-0.006045,-0.013368,76,Saludable
ITA,Industrial,2023,2,2.569947,0.584419,1.7111,1.406271,0.002714,0.001486,76,Saludable
ITA,Industrial,2023,3,2.50627,0.587681,1.701603,1.425307,-0.009204,-0.001366,75,Saludable
ITA,Industrial,2023,4,2.777538,0.577861,1.730521,1.368887,0.013067,-0.0105,78,Saludable
ITA,Industrial,2024,1,2.288157,0.57753,1.731513,1.36703,0.013627,0.012833,78,Saludable
ITA,Industrial,2024,2,2.545402,0.565684,1.767771,1.302471,-0.008988,-0.036017,77,Saludable
ITA,Industrial,2024,3,2.171279,0.578849,1.727566,1.374446,-0.03148,-0.001204,74,Saludable
ITA,Industrial,2024,4,1.881677,0.580258,1.723372,1.382414,-0.005001,-0.001663,76,Saludable
ITA,Industrial,2025,1,2.107944,0.550974,1.814968,1.227042,0.050672,-0.017849,84,Excelente
ITA,Industrial,2025,2,1.972803,0.552335,1.810497,1.233811,0.040226,0.043388,83,Excelente
ITA,Industrial,2025,3,1.674923,0.555305,1.800812,1.248733,0.038419,0.045356,82,Excelente
ITA,Industrial,2025,4,1.644149,0.540363,1.850607,1.175631,0.033884,0.000274,83,Excelente
ITA,Industrial,2026,1,1.690227,0.525159,1.904185,1.105968,0.045849,0.012361,86,Excelente
JSF,Comercio,2020,1,5.775847,0.595026,1.6806,1.469292,0.030063,0.05099,78,Saludable
JSF,Comercio,2020,2,3.671692,0.634253,1.576658,1.734129,0.003276,0.11088,72,Saludable
JSF,Comercio,2020,3,3.859742,0.625506,1.598707,1.670245,0.026931,0.002931,74,Saludable
JSF,Comercio,2020,4,3.872943,0.615854,1.623763,1.603174,0.005834,-0.019426,74,Saludable
JSF,Comercio,2021,1,3.857629,0.615062,1.625852,1.597823,0.020051,0.017954,75,Saludable
JSF,Comercio,2021,2,4.439079,0.599138,1.669066,1.494621,0.005852,-0.034107,75,Saludable
JSF,Comercio,2021,3,4.199148,0.59942,1.66828,1.496398,0.001961,0.002679,75,Saludable
JSF,Comercio,2021,4,5.31387,0.577873,1.730485,1.368953,0.028068,-0.024421,79,Saludable
JSF,Comercio,2022,1,4.579667,0.585559,1.707769,1.412906,0.065097,0.084864,81,Excelente
JSF,Comercio,2022,2,7.944706,0.552955,1.808464,1.236913,0.017905,-0.056344,81,Excelente
JSF,Comercio,2022,3,5.463117,0.562449,1.77794,1.285446,0.054343,0.077219,83,Excelente
JSF,Comercio,2022,4,3.23587,0.590454,1.693611,1.441731,-0.050039,0.014921,72,Saludable
JSF,Comercio,2023,1,4.890096,0.633081,1.579576,1.725399,-0.000672,0.115425,71,Saludable
JSF,Comercio,2023,2,4.976948,0.626503,1.596161,1.6774,0.03,0.01186,75,Saludable
JSF,Comercio,2023,3,5.968078,0.619473,1.614276,1.62795,0.038371,0.019196,76,Saludable
JSF,Comercio,2023,4,8.824315,0.603103,1.658091,1.519547,0.02313,-0.019078,76,Saludable
JSF,Comercio,2024,1,9.097236,0.612457,1.632768,1.580359,-0.04792,-0.024941,70,Saludable
JSF,Comercio,2024,2,4.012385,0.628837,1.590237,1.694233,-0.020091,0.023153,70,Saludable
JSF,Comercio,2024,3,5.481942,0.577113,1.732762,1.3647,0.183909,0.039105,85,Excelente
JSF,Comercio,2024,4,4.375541,0.582687,1.716187,1.396284,0.014697,0.02825,78,Saludable
JSF,Comercio,2025,1,3.219091,0.636078,1.572134,1.747842,-0.164335,-0.041734,59,Observación
JSF,Comercio,2025,2,2.159296,0.626809,1.595382,1.679594,0.165515,0.136567,80,Excelente
JSF,Comercio,2025,3,2.990804,0.553985,1.805103,1.242077,0.17298,-0.018541,87,Excelente
JSF,Comercio,2025,4,2.80508,0.540223,1.851086,1.174969,0.045433,0.014142,84,Excelente
JSF,Comercio,2026,1,3.268703,0.582657,1.716276,1.396109,-0.148381,-0.061793,65,Saludable
MDS,Comercio,2024,4,2.053487,0.482171,2.073953,0.93114,0.028503,0.10794,89,Excelente
MDS,Comercio,2025,1,2.087371,0.496141,2.015557,0.984682,0.061325,0.090751,90,Excelente
MDS,Comercio,2025,2,2.07466,0.463931,2.155491,0.865433,0.084417,0.019261,94,Excelente
MDS,Comercio,2025,3,2.137202,0.487923,2.049503,0.952832,0.127996,0.180845,94,Excelente
MDS,Comercio,2025,4,2.013887,0.56198,1.779422,1.283002,-0.146923,-0.002691,67,Saludable
MDS,Comercio,2026,1,1.544972,0.675931,1.479441,2.08576,-0.24971,0.01411,55,Observación
BIT,Sociedad de Titularización,2016,4,1.154151,0.832641,1.200998,4.975166,0.068216,-0.417594,42,Observación
BIT,Sociedad de Titularización,2017,1,1.162225,0.821096,1.217885,4.589584,-0.031467,-0.093967,35,Riesgo
BIT,Sociedad de Titularización,2017,2,2.2813,0.397705,2.514429,0.660315,0.061475,-0.684702,97,Excelente
BIT,Sociedad de Titularización,2017,3,2.38075,0.353685,2.827371,0.547234,-0.034359,-0.100127,89,Excelente
BIT,Sociedad de Titularización,2017,4,1.553457,0.580006,1.724121,1.380985,0.12601,0.732778,85,Excelente
BIT,Sociedad de Titularización,2018,1,2.580488,0.326596,3.06189,0.484992,-0.066786,-0.417966,87,Excelente
BIT,Sociedad de Titularización,2018,2,1.13164,0.854233,1.17064,5.860279,0.017004,3.698297,35,Riesgo
BIT,Sociedad de Titularización,2018,3,1.125592,0.860966,1.161486,6.1925,0.015848,0.065042,34,Riesgo
BIT,Sociedad de Titularización,2018,4,1.600824,0.613998,1.62867,1.59066,0.069558,-0.614757,79,Saludable
BIT,Sociedad de Titularización,2019,1,3.10091,0.301384,3.318031,0.431401,-0.249967,-0.585589,80,Excelente
BIT,Sociedad de Titularización,2019,2,3.249002,0.286245,3.493513,0.401041,-0.108475,-0.127384,83,Excelente
BIT,Sociedad de Titularización,2019,3,12.024038,0.078137,12.798077,0.08476,-0.017811,-0.239537,91,Excelente
BIT,Sociedad de Titularización,2019,4,14.085044,0.066994,14.926686,0.071805,-0.032396,-0.043952,89,Excelente
BIT,Sociedad de Titularización,2020,1,12.264631,0.077469,12.908397,0.083992,-0.01474,-0.00334,91,Excelente
BIT,Sociedad de Titularización,2020,2,11.865,0.080564,12.4125,0.087642,-0.024578,-0.021289,90,Excelente
BIT,Sociedad de Titularización,2020,3,11.194774,0.085971,11.631829,0.094057,-0.019281,-0.013696,90,Excelente
BIT,Sociedad de Titularización,2020,4,9.537657,0.101465,9.855649,0.112922,-0.05429,-0.037982,88,Excelente
BIT,Sociedad de Titularización,2021,1,1.181903,0.842275,1.18726,5.34144,-0.009213,4.645723,36,Riesgo
BIT,Sociedad de Titularización,2021,2,1.129928,0.881129,1.134908,7.414201,0.007392,0.336655,32,Riesgo
BIT,Sociedad de Titularización,2021,3,1.132715,0.880142,1.136181,7.344875,0.032189,0.023684,34,Riesgo
BIT,Sociedad de Titularización,2021,4,1.159941,0.861174,1.161205,6.203272,0.02316,-0.116836,36,Riesgo
BIT,Sociedad de Titularización,2022,1,1.161682,0.859141,1.163954,6.099284,-0.029359,-0.043371,32,Riesgo
BIT,Sociedad de Titularización,2022,2,1.275807,0.781796,1.279107,3.58286,0.015701,-0.344326,48,Observación
BIT,Sociedad de Titularización,2022,3,1.255636,0.794288,1.258989,3.861161,0.018413,0.080258,46,Observación
BIT,Sociedad de Titularización,2022,4,1.23653,0.806037,1.240638,4.155614,0.019866,0.081642,44,Observación
BIT,Sociedad de Titularización,2023,1,1.31736,0.755213,1.324129,3.085192,-0.077698,-0.269188,45,Observación
BIT,Sociedad de Titularización,2023,2,1.482907,0.669977,1.492589,2.03009,-0.022069,-0.274644,65,Saludable
BIT,Sociedad de Titularización,2023,3,3.070903,0.320971,3.115546,0.472574,-0.022325,-0.524946,90,Excelente
BIT,Sociedad de Titularización,2023,4,4.027244,0.245524,4.072917,0.325424,-0.048151,-0.143122,88,Excelente
BIT,Sociedad de Titularización,2024,1,20.682796,0.047729,20.951613,0.050121,-0.032334,-0.233327,89,Excelente
BIT,Sociedad de Titularización,2024,2,16.355556,0.060419,16.551111,0.064304,-0.057127,-0.044393,87,Excelente
BIT,Sociedad de Titularización,2024,3,14.383673,0.068627,14.571429,0.073684,-0.049728,-0.041353,88,Excelente
BIT,Sociedad de Titularización,2024,4,22.408163,0.043121,23.190476,0.045078,-0.019248,-0.045098,90,Excelente
BIT,Sociedad de Titularización,2025,1,20.269939,0.047301,21.141104,0.049665,0.00644,0.010854,93,Excelente
BIT,Sociedad de Titularización,2025,2,17.973118,0.053633,18.645161,0.056655,0.000305,0.006384,92,Excelente
BIT,Sociedad de Titularización,2025,3,15.822115,0.060997,16.394231,0.064959,-0.024673,-0.016724,90,Excelente
BIT,Sociedad de Titularización,2025,4,19.087209,0.050425,19.831395,0.053103,0.011555,0.000293,93,Excelente
BIT,Sociedad de Titularización,2026,1,26.663866,0.036006,27.773109,0.037363,-0.016672,-0.031076,91,Excelente
NIB,Comercio,2019,4,1.756851,0.459678,2.175436,0.850748,-0.03649,-0.007548,85,Excelente
NIB,Comercio,2020,1,1.642238,0.480984,2.079073,0.926721,0.008761,0.050171,87,Excelente
NIB,Comercio,2020,2,1.991976,0.471464,2.121051,0.89202,-0.006699,-0.024588,86,Excelente
NIB,Comercio,2020,3,2.191984,0.443556,2.254506,0.797127,0.016768,-0.034227,90,Excelente
NIB,Comercio,2020,4,2.455667,0.416889,2.398719,0.71494,-0.045888,-0.089523,87,Excelente
NIB,Comercio,2021,1,2.606411,0.400901,2.494383,0.669173,0.024163,-0.003169,94,Excelente
NIB,Comercio,2021,2,2.97591,0.374666,2.669047,0.599144,0.021812,-0.021057,94,Excelente
NIB,Comercio,2021,3,3.255513,0.311966,3.205474,0.453417,0.032801,-0.061316,95,Excelente
NIB,Comercio,2021,4,3.68724,0.284573,3.514033,0.397767,0.007847,-0.030743,93,Excelente
NIB,Comercio,2022,1,3.667662,0.293091,3.411906,0.41461,-0.021209,-0.009415,90,Excelente
NIB,Comercio,2022,2,3.215655,0.314341,3.181256,0.458452,0.02665,0.058468,94,Excelente
NIB,Comercio,2022,3,3.23723,0.303153,3.298668,0.435034,0.061482,0.044439,97,Excelente
NIB,Comercio,2022,4,2.574593,0.35731,2.798689,0.55596,0.002457,0.086931,92,Excelente
NIB,Comercio,2023,1,2.133078,0.411819,2.428253,0.700156,0.043506,0.140211,95,Excelente
NIB,Comercio,2023,2,1.896647,0.45499,2.197852,0.834827,0.03179,0.113518,91,Excelente
NIB,Comercio,2023,3,1.667838,0.518696,1.927912,1.077688,0.044909,0.183215,87,Excelente
NIB,Comercio,2023,4,1.828205,0.453258,2.206251,0.829015,-0.012402,-0.130605,87,Excelente
NIB,Comercio,2024,1,2.028707,0.444576,2.249333,0.800427,0.02275,0.006764,91,Excelente
NIB,Comercio,2024,2,2.547191,0.433465,2.306989,0.765118,0.004076,-0.015616,90,Excelente
NIB,Comercio,2024,3,2.935657,0.400928,2.494211,0.669249,0.058914,0.001402,97,Excelente
NIB,Comercio,2024,4,3.52687,0.361586,2.76559,0.566383,-0.000126,-0.061743,92,Excelente
NIB,Comercio,2025,1,3.624211,0.346953,2.882232,0.531284,0.065473,0.041598,97,Excelente
NIB,Comercio,2025,2,2.906285,0.387519,2.580516,0.632705,0.049984,0.119527,96,Excelente
NIB,Comercio,2025,3,2.940859,0.380232,2.629976,0.613506,0.054946,0.042542,96,Excelente
NIB,Comercio,2025,4,3.143154,0.390671,2.559702,0.641148,-0.01772,-0.000892,91,Excelente
NIB,Comercio,2026,1,3.368745,0.37857,2.641523,0.60919,-0.047272,-0.065824,88,Excelente
PIN,Servicios,2020,2,2.421698,0.364779,2.741389,0.574254,0.004814,-0.00551,92,Excelente
PIN,Servicios,2020,3,2.540791,0.338999,2.949859,0.512858,0.020492,-0.019307,94,Excelente
PIN,Servicios,2020,4,6.976068,0.33253,3.007252,0.498182,0.013026,0.003183,93,Excelente
PIN,Servicios,2021,1,2.131481,0.378275,2.643582,0.608427,0.024362,0.099759,94,Excelente
PIN,Servicios,2021,2,1.782443,0.395425,2.528927,0.654053,-0.056917,-0.030164,87,Excelente
PIN,Servicios,2021,3,2.139962,0.384355,2.601762,0.624328,0.015574,-0.002663,93,Excelente
PIN,Servicios,2021,4,3.729925,0.348846,2.866593,0.535748,0.022627,-0.033139,94,Excelente
PIN,Servicios,2022,1,2.662877,0.352621,2.835909,0.544702,-0.009263,-0.003486,91,Excelente
PIN,Servicios,2022,2,3.415196,0.336209,2.974344,0.506497,0.021233,-0.00404,94,Excelente
PIN,Servicios,2022,3,5.661933,0.300205,3.331059,0.42899,0.00782,-0.044031,93,Excelente
PIN,Servicios,2022,4,6.673868,0.297278,3.363849,0.423039,0.031805,0.027509,95,Excelente
PIN,Servicios,2023,1,3.668165,0.221013,4.52462,0.283719,0.063767,-0.04038,97,Excelente
PIN,Servicios,2023,2,3.134486,0.217903,4.589202,0.278613,-0.010774,-0.014708,91,Excelente
PIN,Servicios,2023,3,2.379471,0.200742,4.98152,0.251155,-0.004237,-0.025638,92,Excelente
PIN,Servicios,2023,4,1.145455,0.213706,4.67932,0.271789,-0.000258,0.016248,74,Saludable
PIN,Servicios,2024,1,0.583378,0.237526,4.210072,0.311519,0.004172,0.035542,57,Observación
PIN,Servicios,2024,2,1.640751,0.178004,5.617847,0.216551,0.151307,0.06794,100,Excelente
PIN,Servicios,2024,3,0.552758,0.297399,3.362488,0.423283,0.059541,0.239591,62,Saludable
PIN,Servicios,2024,4,0.317298,0.276555,3.615922,0.382274,0.022392,-0.007066,59,Observación
PIN,Servicios,2025,1,0.341494,0.268159,3.729134,0.366417,0.016061,0.004404,58,Observación
PIN,Servicios,2025,2,0.586246,0.258208,3.87284,0.348088,0.101619,0.086842,65,Saludable
PIN,Servicios,2025,3,0.538223,0.232133,4.307879,0.302309,0.112055,0.074291,65,Saludable
PIN,Servicios,2026,1,4.123717,0.145905,6.853752,0.170831,0.262549,0.135085,100,Excelente
PAR,Servicios,2016,2,22.900583,0.415433,2.407125,0.710669,-0.024543,-0.046015,89,Excelente
PAR,Servicios,2016,3,15.633319,0.422885,2.364708,0.732757,-0.019189,-0.006525,89,Excelente
PAR,Servicios,2016,4,5.270003,0.458753,2.179823,0.847585,0.040254,0.109191,91,Excelente
PAR,Servicios,2017,1,23.652051,0.404995,2.469164,0.680658,0.000566,-0.089834,92,Excelente
PAR,Servicios,2017,2,21.208188,0.411759,2.428606,0.699983,-0.022386,-0.011145,89,Excelente
PAR,Servicios,2017,3,32.885101,0.405556,2.465752,0.682244,0.002772,-0.007692,92,Excelente
PAR,Servicios,2017,4,10.895424,0.400977,2.493906,0.669386,0.024459,0.016629,94,Excelente
PAR,Servicios,2018,1,13.390165,0.398146,2.511642,0.661531,-0.013859,-0.018499,91,Excelente
PAR,Servicios,2018,2,12.912948,0.399228,2.504835,0.664525,-0.003304,-0.001508,92,Excelente
PAR,Servicios,2018,3,17.14708,0.384904,2.598051,0.625763,0.032582,0.008537,95,Excelente
PAR,Servicios,2018,4,7.746457,0.381208,2.623243,0.616051,-0.005358,-0.011301,92,Excelente
PAR,Servicios,2019,1,9.344769,0.375006,2.666623,0.600016,-0.005868,-0.015732,92,Excelente
PAR,Servicios,2019,2,15.191196,0.393227,2.543061,0.648062,-0.010409,0.019306,91,Excelente
PAR,Servicios,2019,3,22.026029,0.372471,2.684772,0.593552,0.022175,-0.011632,94,Excelente
PAR,Servicios,2019,4,2.023365,0.361806,2.76391,0.566922,0.025475,0.008339,94,Excelente
PAR,Servicios,2020,1,15.114383,0.35376,2.826773,0.547413,-0.007645,-0.020001,91,Excelente
PAR,Servicios,2020,2,18.915595,0.361134,2.769055,0.565273,-0.011347,6.4e-05,91,Excelente
PAR,Servicios,2020,3,8.712905,0.360745,2.772045,0.564321,0.017076,0.016459,93,Excelente
PAR,Servicios,2020,4,9.453607,0.363671,2.749739,0.571514,-0.000195,0.004401,92,Excelente
PAR,Servicios,2021,1,6.317578,0.353318,2.830312,0.546355,-0.002712,-0.018677,92,Excelente
PAR,Servicios,2021,2,5.552826,0.353894,2.825706,0.547733,-0.00098,-8.9e-05,92,Excelente
PAR,Servicios,2021,3,3.944037,0.331289,3.018516,0.495413,0.033153,-0.001772,95,Excelente
PAR,Servicios,2021,4,3.666215,0.331003,3.021121,0.494775,-0.001208,-0.001635,92,Excelente
PAR,Servicios,2022,1,13.879796,0.320837,3.116848,0.472401,-0.006168,-0.021044,92,Excelente
PAR,Servicios,2022,2,13.742339,0.319045,3.134352,0.468526,-0.000313,-0.002943,92,Excelente
PAR,Servicios,2022,3,16.453038,0.30912,3.23499,0.447429,0.000692,-0.013684,92,Excelente
PAR,Servicios,2022,4,14.707194,0.277694,3.60108,0.384456,0.164794,0.114117,100,Excelente
PAR,Servicios,2023,1,12.750513,0.274685,3.640529,0.378712,0.012844,0.008642,93,Excelente
PAR,Servicios,2023,2,9.907853,0.281536,3.551939,0.391858,-0.007484,0.001979,91,Excelente
PAR,Servicios,2023,3,7.917383,0.387662,2.579565,0.633086,0.01364,0.189318,93,Excelente
PAR,Servicios,2023,4,8.872874,0.37633,2.657245,0.60341,-0.021226,-0.039012,90,Excelente
PAR,Servicios,2024,1,9.129507,0.36616,2.731048,0.577685,0.00656,-0.009589,93,Excelente
PAR,Servicios,2024,2,8.463938,0.362023,2.762257,0.567454,-0.000785,-0.007264,92,Excelente
PAR,Servicios,2024,3,9.643993,0.346929,2.882438,0.531226,0.009762,-0.013576,93,Excelente
PAR,Servicios,2024,4,8.947737,0.343922,2.907632,0.52421,-0.014794,-0.019308,91,Excelente
PAR,Servicios,2025,1,8.588239,0.318911,3.135667,0.468238,0.004282,-0.032598,92,Excelente
PAR,Servicios,2025,2,7.971819,0.307227,3.254927,0.443473,0.002483,-0.014426,92,Excelente
PAR,Servicios,2025,3,7.646751,0.297391,3.362573,0.423267,0.003456,-0.01059,92,Excelente
PAR,Servicios,2025,4,7.129053,0.293041,3.412489,0.41451,-0.010307,-0.016397,91,Excelente
PAR,Servicios,2026,1,6.768397,0.280515,3.564872,0.389883,0.004272,-0.013213,92,Excelente
PTF,Industrial,2021,2,3.019182,0.632372,1.581348,1.72014,0.028394,0.019311,74,Saludable
PTF,Industrial,2021,3,2.976696,0.658014,1.519724,1.924098,-0.029117,0.04368,67,Saludable
PTF,Industrial,2021,4,3.781551,0.640849,1.56043,1.784316,0.020328,-0.028452,72,Saludable
PTF,Industrial,2022,1,2.248161,0.606446,1.648951,1.540949,-0.004212,-0.091245,74,Saludable
PTF,Industrial,2022,2,1.946128,0.653832,1.529445,1.888801,-0.047611,0.082775,66,Saludable
PTF,Industrial,2022,3,2.178441,0.64111,1.559795,1.786369,0.004393,-0.031227,71,Saludable
PTF,Industrial,2022,4,2.170018,0.601144,1.663496,1.507168,0.12916,0.016015,83,Excelente
PTF,Industrial,2023,1,1.960655,0.539421,1.853838,1.171183,0.030744,-0.107386,83,Excelente
PTF,Industrial,2023,2,2.161865,0.511181,1.956255,1.04576,0.03787,-0.022079,87,Excelente
PTF,Industrial,2023,3,2.533274,0.507979,1.968585,1.032421,0.08174,0.074673,91,Excelente
PTF,Industrial,2023,4,2.805167,0.546916,1.828434,1.207112,0.020466,0.108189,82,Excelente
PTF,Industrial,2024,1,1.448111,0.633255,1.579143,1.72669,-0.184467,0.007513,57,Observación
PTF,Industrial,2024,2,1.674593,0.598033,1.672148,1.487768,0.144476,0.044193,83,Excelente
PTF,Industrial,2024,3,1.717691,0.593533,1.684825,1.460226,0.127982,0.115494,83,Excelente
PTF,Industrial,2024,4,2.052098,0.580206,1.723526,1.38212,0.058973,0.025353,81,Excelente
PTF,Industrial,2025,1,1.327637,0.554513,1.803384,1.244735,0.000782,-0.056937,71,Saludable
PTF,Industrial,2025,2,1.674089,0.58766,1.701664,1.425183,0.003109,0.083746,76,Saludable
PTF,Industrial,2025,3,1.788276,0.59372,1.684295,1.461359,0.043981,0.059554,79,Saludable
PTF,Industrial,2025,4,2.457522,0.57278,1.745872,1.340713,0.049757,-0.001697,81,Excelente
PTF,Industrial,2026,1,1.34044,0.597345,1.674075,1.483515,0.008658,0.070194,68,Saludable
POL,Agroindustrial,2015,2,2.370168,0.561115,1.782166,1.278501,0.024447,0.006969,80,Excelente
POL,Agroindustrial,2015,3,5.456101,0.625005,1.599987,1.666703,0.024295,0.19881,74,Saludable
POL,Agroindustrial,2015,4,3.574295,0.644615,1.551313,1.813853,0.00284,0.058177,71,Saludable
POL,Agroindustrial,2016,1,3.119344,0.644422,1.551779,1.812303,-0.021943,-0.022485,69,Saludable
POL,Agroindustrial,2016,2,2.61441,0.677275,1.476505,2.098615,0.027547,0.132163,70,Saludable
POL,Agroindustrial,2016,3,4.73902,0.671306,1.489634,2.04234,0.03089,0.012167,70,Saludable
POL,Agroindustrial,2016,4,2.342207,0.713106,1.402317,2.485626,0.012791,0.160363,65,Saludable
POL,Agroindustrial,2017,1,2.41349,0.734285,1.361869,2.763429,0.018418,0.099582,64,Saludable
POL,Agroindustrial,2017,2,2.15391,0.736092,1.358525,2.789205,0.005839,0.012728,63,Saludable
POL,Agroindustrial,2017,3,2.006617,0.74012,1.351132,2.847935,0.013582,0.029292,63,Saludable
POL,Agroindustrial,2017,4,2.19961,0.766446,1.304723,3.281671,0.022041,0.137245,61,Saludable
POL,Agroindustrial,2018,1,1.790907,0.780249,1.281642,3.550605,0.038361,0.103581,61,Saludable
POL,Agroindustrial,2018,2,1.57041,0.75327,1.327545,3.053041,0.07963,-0.038415,67,Saludable
POL,Agroindustrial,2018,3,1.600982,0.755212,1.324132,3.085161,-0.002636,0.005266,60,Saludable
POL,Agroindustrial,2018,4,2.279228,0.771228,1.296633,3.371165,0.067097,0.141804,64,Saludable
POL,Agroindustrial,2019,1,2.300906,0.774557,1.29106,3.435712,-0.040576,-0.026408,55,Observación
POL,Agroindustrial,2019,2,1.525053,0.784268,1.275074,3.635391,0.062587,0.110421,63,Saludable
POL,Agroindustrial,2019,3,1.540284,0.691818,1.445467,2.244835,0.613659,0.129583,74,Saludable
POL,Agroindustrial,2019,4,1.455679,0.692518,1.444006,2.252222,0.037623,0.039985,67,Saludable
POL,Agroindustrial,2020,1,1.435716,0.695589,1.437631,2.28503,0.00354,0.013663,63,Saludable
POL,Agroindustrial,2020,2,1.148627,0.684069,1.461842,2.165244,-0.000566,-0.03701,49,Observación
POL,Agroindustrial,2020,3,1.339979,0.682894,1.464356,2.15352,0.019677,0.0159,60,Saludable
POL,Agroindustrial,2020,4,1.558639,0.718702,1.391397,2.554951,0.069623,0.205782,69,Saludable
POL,Agroindustrial,2021,1,1.556987,0.712282,1.403938,2.475627,0.092147,0.067778,72,Saludable
POL,Agroindustrial,2021,2,1.332172,0.699577,1.429435,2.328642,-0.066574,-0.106049,52,Observación
POL,Agroindustrial,2021,3,1.395306,0.669847,1.492879,2.028894,0.127013,0.025524,71,Saludable
POL,Agroindustrial,2021,4,1.423233,0.677733,1.475506,2.103028,0.026417,0.05154,66,Saludable
POL,Agroindustrial,2022,1,1.605041,0.613157,1.630903,1.585035,0.036656,-0.136394,76,Saludable
POL,Agroindustrial,2022,2,1.405103,0.601964,1.661229,1.512331,-0.033756,-0.060934,67,Saludable
POL,Agroindustrial,2022,3,2.287398,0.602794,1.658942,1.517584,0.034516,0.03668,77,Saludable
POL,Agroindustrial,2022,4,3.175471,0.592156,1.688744,1.451919,0.007506,-0.018772,76,Saludable
POL,Agroindustrial,2023,1,2.329125,0.616709,1.62151,1.60899,-0.004975,0.058768,73,Saludable
POL,Agroindustrial,2023,2,1.51818,0.619701,1.613682,1.629508,0.084236,0.092761,79,Saludable
POL,Agroindustrial,2023,3,1.28731,0.581325,1.720207,1.388489,0.233928,0.120827,74,Saludable
POL,Agroindustrial,2023,4,1.397125,0.602583,1.659522,1.516253,0.020032,0.074596,71,Saludable
POL,Agroindustrial,2024,1,1.285607,0.648047,1.543098,1.841288,-0.019255,0.10743,58,Observación
POL,Agroindustrial,2024,2,1.415908,0.632901,1.580027,1.724059,0.033085,-0.009539,70,Saludable
POL,Agroindustrial,2024,3,1.369503,0.647536,1.544315,1.837172,0.014713,0.056848,65,Saludable
POL,Agroindustrial,2024,4,1.997821,0.683845,1.462319,2.163008,0.011852,0.128058,68,Saludable
POL,Agroindustrial,2025,1,1.919154,0.679293,1.472119,2.118111,0.011468,-0.00289,68,Saludable
POL,Agroindustrial,2025,2,1.524127,0.645982,1.54803,1.824718,0.056789,-0.042648,75,Saludable
POL,Agroindustrial,2025,3,1.544136,0.640596,1.561047,1.782383,0.012006,-0.003161,72,Saludable
POL,Agroindustrial,2025,4,1.536175,0.651121,1.535813,1.866322,0.016297,0.046957,71,Saludable
POL,Agroindustrial,2026,1,1.818909,0.675284,1.480859,2.07961,-0.002547,0.071675,67,Saludable
NUT,Agroindustrial,2013,2,1.392506,0.731003,1.367984,2.717522,1.98488,1.301585,65,Saludable
NUT,Agroindustrial,2013,3,1.436249,0.699651,1.429285,2.329455,-0.008553,-0.11205,61,Saludable
NUT,Agroindustrial,2013,4,1.414419,0.680812,1.468834,2.132951,0.007733,-0.051743,63,Saludable
NUT,Agroindustrial,2014,1,1.317501,0.692187,1.444696,2.248729,-0.006057,0.030674,56,Observación
NUT,Agroindustrial,2014,2,1.494083,0.783651,1.276079,3.622151,0.054822,0.500756,62,Saludable
NUT,Agroindustrial,2014,3,1.549643,0.761479,1.313233,3.19251,0.013982,-0.08027,61,Saludable
NUT,Agroindustrial,2014,4,1.580444,0.741265,1.349046,2.864966,-0.001688,-0.079682,61,Saludable
NUT,Agroindustrial,2015,1,1.433886,0.782077,1.278647,3.588771,0.009901,0.199027,56,Observación
NUT,Agroindustrial,2015,2,1.282246,0.819123,1.220818,4.528611,-0.031448,0.166924,41,Observación
NUT,Agroindustrial,2015,3,1.357163,0.797678,1.253639,3.942616,-0.008271,-0.113388,49,Observación
NUT,Agroindustrial,2015,4,1.452182,0.751644,1.330417,3.026463,0.170924,-0.046117,66,Saludable
NUT,Agroindustrial,2016,1,1.537258,0.743943,1.344189,2.905379,0.0188,-0.011836,63,Saludable
NUT,Agroindustrial,2016,2,1.273111,0.76394,1.309004,3.236204,0.077727,0.169022,54,Observación
NUT,Agroindustrial,2016,3,1.3495,0.72332,1.382514,2.614281,0.035153,-0.116819,58,Observación
NUT,Agroindustrial,2016,4,1.059318,0.703524,1.421416,2.372945,0.023796,-0.044567,45,Observación
NUT,Agroindustrial,2017,1,1.076323,0.715272,1.398069,2.512124,0.010065,0.051745,44,Observación
NUT,Agroindustrial,2017,2,1.002647,0.739656,1.35198,2.841064,0.005612,0.099795,37,Riesgo
NUT,Agroindustrial,2017,3,1.01461,0.702414,1.423663,2.360368,0.011449,-0.11513,42,Observación
NUT,Agroindustrial,2017,4,1.002718,0.706545,1.415339,2.407674,0.002294,0.016405,40,Observación
NUT,Agroindustrial,2018,1,1.219216,0.776319,1.288131,3.470633,0.009662,0.324606,45,Observación
NUT,Agroindustrial,2018,2,1.187446,0.771135,1.29679,3.369387,0.028572,0.005278,46,Observación
NUT,Agroindustrial,2018,3,1.190326,0.748558,1.335902,2.977061,0.049737,-0.044519,49,Observación
NUT,Agroindustrial,2018,4,1.12515,0.782989,1.277158,3.608066,-0.099384,0.043509,31,Riesgo
NUT,Agroindustrial,2019,1,1.112589,0.783569,1.276212,3.620402,-0.021232,-0.018613,37,Riesgo
NUT,Agroindustrial,2019,2,1.063826,0.696385,1.435987,2.293647,0.754364,0.250595,52,Observación
NUT,Agroindustrial,2019,3,1.00037,0.657931,1.519917,1.923384,0.012682,-0.101161,45,Observación
NUT,Agroindustrial,2019,4,1.00464,0.666108,1.501258,1.994975,0.007724,0.032401,44,Observación
NUT,Agroindustrial,2020,1,1.099198,0.693041,1.442915,2.257769,0.016892,0.10612,47,Observación
NUT,Agroindustrial,2020,2,1.032689,0.704159,1.420135,2.38019,0.004924,0.042687,42,Observación
NUT,Agroindustrial,2020,3,1.028632,0.673916,1.483865,2.066696,0.007535,-0.085907,45,Observación
NUT,Agroindustrial,2020,4,1.214972,0.692417,1.444216,2.251157,-0.016593,0.042558,50,Observación
NUT,Agroindustrial,2021,1,1.068123,0.689398,1.450541,2.219554,0.147345,0.136192,53,Observación
NUT,Agroindustrial,2021,2,1.150352,0.721374,1.386244,2.589034,-0.08702,0.017754,39,Riesgo
NUT,Agroindustrial,2021,3,1.158071,0.718132,1.392502,2.54776,0.0004,-0.011104,47,Observación
NUT,Agroindustrial,2021,4,1.090225,0.714965,1.39867,2.50834,-0.031785,-0.042543,41,Observación
NUT,Agroindustrial,2022,1,1.075302,0.75077,1.331966,3.01236,0.053889,0.205294,44,Observación
NUT,Agroindustrial,2022,2,1.12803,0.694799,1.439264,2.276534,0.082501,-0.116018,54,Observación
NUT,Agroindustrial,2022,3,1.188318,0.620846,1.610706,1.637449,0.015085,-0.182906,58,Observación
NUT,Agroindustrial,2022,4,1.087737,0.646117,1.547708,1.82579,-0.032918,0.036142,47,Observación
NUT,Agroindustrial,2023,1,1.068123,0.689398,1.450541,2.219554,0.009728,0.15043,45,Observación
NUT,Agroindustrial,2023,2,1.111848,0.70257,1.423346,2.362129,0.036952,0.082872,49,Observación
NUT,Agroindustrial,2023,3,1.128599,0.672227,1.487592,2.050896,-0.019372,-0.110148,48,Observación
NUT,Agroindustrial,2023,4,1.100775,0.677544,1.475919,2.101197,-0.03914,-0.023298,44,Observación
NUT,Agroindustrial,2024,1,1.07297,0.6736,1.484561,2.063723,-0.002257,-0.014313,46,Observación
NUT,Agroindustrial,2024,2,1.072353,0.699592,1.429406,2.328801,0.082473,0.17613,51,Observación
NUT,Agroindustrial,2024,3,1.087583,0.656718,1.522724,1.913054,-0.005808,-0.129976,48,Observación
NUT,Agroindustrial,2024,4,1.116364,0.634435,1.576206,1.735491,0.078146,0.012429,58,Observación
NUT,Agroindustrial,2025,1,1.100426,0.666648,1.500042,1.999831,0.04937,0.150774,52,Observación
NUT,Agroindustrial,2025,2,1.128817,0.706788,1.414851,2.410502,0.113179,0.265571,54,Observación
NUT,Agroindustrial,2025,3,1.123882,0.698261,1.43213,2.314119,-0.059934,-0.086501,42,Observación
NUT,Agroindustrial,2025,4,1.016086,0.737164,1.356549,2.80466,-0.15942,-0.035,26,Riesgo
NUT,Agroindustrial,2026,1,1.029722,0.759454,1.316735,3.157209,0.021653,0.116322,38,Riesgo
SBC,Industrial,2013,2,1.96614,0.382028,2.617607,0.618197,0.046454,0.05064,96,Excelente
SBC,Industrial,2013,3,2.031839,0.376194,2.658204,0.603062,0.04074,0.031006,95,Excelente
SBC,Industrial,2013,4,2.098738,0.384409,2.601393,0.624457,0.042881,0.056799,95,Excelente
SBC,Industrial,2014,1,2.53336,0.337093,2.966543,0.508506,0.039014,-0.035149,95,Excelente
SBC,Industrial,2014,2,2.272166,0.333822,2.995608,0.501101,0.022923,0.017901,94,Excelente
SBC,Industrial,2014,3,2.747719,0.304379,3.285379,0.437564,0.040631,-0.003415,95,Excelente
SBC,Industrial,2014,4,2.080251,0.338183,2.956979,0.510992,-0.034776,0.014525,89,Excelente
SBC,Industrial,2015,1,1.984514,0.318406,3.140647,0.467149,0.031065,0.001148,94,Excelente
SBC,Industrial,2015,2,1.943737,0.321566,3.109778,0.473984,0.034958,0.03978,95,Excelente
SBC,Industrial,2015,3,1.849147,0.311519,3.210082,0.452472,0.010134,-0.004609,93,Excelente
SBC,Industrial,2015,4,1.405074,0.380473,2.628307,0.614135,-0.188552,-0.098236,75,Saludable
SBC,Industrial,2016,1,1.791293,0.37289,2.681757,0.594616,0.053577,0.040836,96,Excelente
SBC,Industrial,2016,2,1.129639,0.447144,2.236417,0.808789,-0.125601,-0.00816,60,Saludable
SBC,Industrial,2016,3,2.554497,0.46456,2.152575,0.867623,0.064471,0.099095,93,Excelente
SBC,Industrial,2016,4,2.433521,0.453976,2.202761,0.83142,0.049676,0.029329,92,Excelente
SBC,Industrial,2017,1,2.570796,0.428773,2.332236,0.750618,0.034101,-0.011523,93,Excelente
SBC,Industrial,2017,2,1.357203,0.537086,1.861899,1.160229,-0.118457,0.087808,64,Saludable
SBC,Industrial,2017,3,2.015817,0.498841,2.004647,0.995375,0.04184,-0.037666,88,Excelente
SBC,Industrial,2017,4,1.620051,0.501369,1.994539,1.005491,-0.011304,-0.006292,84,Excelente
SBC,Industrial,2018,1,1.674711,0.495148,2.0196,0.980777,0.015315,0.002803,87,Excelente
SBC,Industrial,2018,2,1.625971,0.492343,2.031103,0.969836,0.023831,0.018176,87,Excelente
SBC,Industrial,2018,3,1.516612,0.506637,1.9738,1.026905,0.006055,0.035202,85,Excelente
SBC,Industrial,2018,4,1.589159,0.502694,1.989283,1.010832,0.002115,-0.005832,85,Excelente
SBC,Industrial,2019,1,1.601805,0.486917,2.053737,0.949004,0.037274,0.005381,89,Excelente
SBC,Industrial,2019,2,1.599593,0.495762,2.017095,0.983193,-0.021973,-0.004816,84,Excelente
SBC,Industrial,2019,3,1.450574,0.500032,1.999873,1.000127,-0.003825,0.00468,82,Excelente
SBC,Industrial,2019,4,1.36628,0.50337,1.986612,1.013569,-7.3e-05,0.006647,78,Saludable
SBC,Industrial,2020,1,1.370191,0.500453,1.998191,1.001813,-0.003921,-0.009737,78,Saludable
SBC,Industrial,2020,2,1.34719,0.541612,1.846339,1.181559,-0.042524,0.043449,70,Saludable
SBC,Industrial,2020,3,1.367582,0.541066,1.848202,1.178965,0.0034,0.002206,74,Saludable
SBC,Industrial,2020,4,1.352057,0.523926,1.908665,1.100515,-0.00347,-0.039348,75,Saludable
SBC,Industrial,2021,1,1.414702,0.514715,1.942824,1.060643,0.000793,-0.018204,79,Saludable
SBC,Industrial,2021,2,1.318498,0.51646,1.93626,1.068079,-0.00202,0.001582,74,Saludable
SBC,Industrial,2021,3,1.282302,0.517629,1.931887,1.073091,-0.000165,0.002258,72,Saludable
SBC,Industrial,2021,4,1.195963,0.524336,1.907175,1.102323,-0.007224,0.006775,67,Saludable
SBC,Industrial,2022,1,1.141598,0.512738,1.950315,1.052283,-0.001427,-0.025196,66,Saludable
SBC,Industrial,2022,2,1.189951,0.517916,1.930814,1.074329,-0.01662,-0.006057,66,Saludable
SBC,Industrial,2022,3,1.264351,0.527949,1.894124,1.118413,-0.040965,-0.020584,67,Saludable
SBC,Industrial,2022,4,1.230331,0.53856,1.856804,1.167129,-0.027879,-0.005523,65,Saludable
SBC,Industrial,2023,1,1.246929,0.529145,1.889842,1.123795,-0.003659,-0.023582,69,Saludable
SBC,Industrial,2023,2,1.270859,0.531848,1.880237,1.136057,-0.005446,0.000296,70,Saludable
SBC,Industrial,2023,3,1.327236,0.531208,1.8825,1.133144,0.000591,-0.000774,73,Saludable
SBC,Industrial,2023,4,1.168381,0.539024,1.855206,1.169308,-0.000227,0.016722,64,Saludable
SBC,Industrial,2024,1,1.243879,0.536054,1.865484,1.155423,0.007015,0.00057,69,Saludable
SBC,Industrial,2024,2,1.151144,0.539871,1.852293,1.173305,0.003706,0.012033,64,Saludable
SBC,Industrial,2024,3,1.162442,0.54304,1.841483,1.188378,-0.005079,0.001821,63,Saludable
SBC,Industrial,2024,4,1.566749,0.552471,1.810048,1.234494,-0.028148,-0.007668,77,Saludable
SBC,Industrial,2025,1,1.971053,0.5373,1.861159,1.161226,0.027648,-0.006048,83,Excelente
SBC,Industrial,2025,2,1.42936,0.532767,1.876994,1.140258,0.032924,0.022903,81,Excelente
SBC,Industrial,2025,3,1.614953,0.511603,1.954642,1.047513,0.06676,0.020533,89,Excelente
SBC,Industrial,2025,4,1.511909,0.528709,1.8914,1.12183,0.016956,0.053867,83,Excelente
SBC,Industrial,2026,1,1.61117,0.530428,1.885272,1.129597,0.004067,0.007742,82,Excelente
HLT,Servicios,2013,2,0.645295,0.260913,3.832697,0.35302,0.00772,0.019869,58,Observación
HLT,Servicios,2013,3,0.589476,0.234084,4.271972,0.305626,0.050931,0.014119,61,Saludable
HLT,Servicios,2013,4,0.662554,0.249622,4.006053,0.332664,0.03037,0.051712,59,Observación
HLT,Servicios,2014,1,0.601688,0.235023,4.254903,0.307229,0.03046,0.010788,59,Observación
HLT,Servicios,2014,2,0.513433,0.256343,3.901018,0.344707,0.008757,0.037678,58,Observación
HLT,Servicios,2014,3,0.537655,0.249898,4.001625,0.333153,0.038635,0.029711,60,Saludable
HLT,Servicios,2014,4,0.50559,0.257583,3.882244,0.346954,0.02164,0.032219,59,Observación
HLT,Servicios,2015,1,0.437289,0.253595,3.943299,0.339756,0.019248,0.013801,59,Observación
HLT,Servicios,2015,3,0.496123,0.248799,4.019303,0.331202,0.027383,0.004418,59,Observación
HLT,Servicios,2016,1,0.419526,0.262034,3.816296,0.355076,-0.032137,-0.005683,54,Observación
HLT,Servicios,2016,3,0.580979,0.255097,3.920085,0.342456,0.014118,0.011478,58,Observación
HLT,Servicios,2016,4,0.544733,0.225337,4.437797,0.290884,0.015815,-0.023208,58,Observación
HLT,Servicios,2017,1,0.454106,0.22951,4.357118,0.297875,-0.000811,0.0046,57,Observación
HLT,Servicios,2017,2,0.653835,0.251226,3.980478,0.335518,0.010932,0.040257,58,Observación
HLT,Servicios,2017,3,0.646587,0.283448,3.527988,0.39557,0.003797,0.048925,57,Observación
HLT,Servicios,2017,4,0.768399,0.301599,3.315659,0.431842,0.018134,0.0446,58,Observación
HLT,Servicios,2018,1,0.663533,0.308414,3.242397,0.445951,-0.016559,-0.006869,56,Observación
HLT,Servicios,2018,2,0.645917,0.311749,3.207704,0.452959,-0.002848,0.001985,57,Observación
HLT,Servicios,2018,3,0.69819,0.322045,3.105153,0.475025,-0.001756,0.013404,57,Observación
HLT,Servicios,2018,4,0.86568,0.317032,3.154255,0.464198,0.002149,-0.005207,60,Saludable
HLT,Servicios,2019,1,0.925434,0.311208,3.213281,0.451818,0.009686,0.001149,64,Saludable
HLT,Servicios,2019,2,0.946997,0.311753,3.207665,0.452967,-0.007622,-0.006836,64,Saludable
HLT,Servicios,2019,3,1.013778,0.313127,3.193592,0.455873,0.009374,0.011392,68,Saludable
HLT,Servicios,2019,4,0.983072,0.30892,3.237088,0.44701,-0.004509,-0.01057,66,Saludable
HLT,Servicios,2020,1,0.534883,0.309976,3.226054,0.449227,-0.018761,-0.017254,55,Observación
HLT,Servicios,2020,2,0.408451,0.346383,2.886976,0.529949,-0.055086,-0.002458,53,Observación
HLT,Servicios,2020,3,0.354314,0.370747,2.697259,0.589185,-0.042426,-0.00535,54,Observación
HLT,Servicios,2020,4,0.358359,0.378919,2.639088,0.610095,-0.023307,-0.010456,55,Observación
HLT,Servicios,2021,1,0.318312,0.393597,2.540671,0.649068,-0.033434,-0.010038,54,Observación
HLT,Servicios,2021,2,0.247323,0.396347,2.523045,0.65658,0.000611,0.005169,57,Observación
HLT,Servicios,2021,3,1.060629,0.482211,2.073782,0.931288,0.024373,0.194244,66,Saludable
HLT,Servicios,2021,4,0.395663,0.440409,2.270618,0.787018,-0.02303,-0.09601,52,Observación
HLT,Servicios,2022,1,0.479731,0.523965,1.908523,1.100688,-0.126337,0.027014,37,Riesgo
HLT,Servicios,2022,2,0.413992,0.559217,1.788215,1.268689,-0.025995,0.051901,42,Observación
HLT,Servicios,2022,3,0.48587,0.584727,1.710199,1.408055,-0.017773,0.042565,40,Observación
HLT,Servicios,2022,4,0.375894,0.613683,1.629505,1.588549,-0.034281,0.038104,36,Riesgo
HLT,Servicios,2023,1,0.392401,0.637669,1.568211,1.759909,-0.051503,0.011287,32,Riesgo
HLT,Servicios,2023,2,0.340349,0.657699,1.520452,1.921405,-0.038558,0.017701,31,Riesgo
HLT,Servicios,2023,3,0.277081,0.664472,1.504954,1.980363,-0.028846,-0.009249,31,Riesgo
HLT,Servicios,2023,4,0.24606,0.671775,1.488593,2.046708,-0.025928,-0.004239,31,Riesgo
HLT,Servicios,2024,1,0.158128,0.688969,1.451444,2.215114,-0.066019,-0.014396,26,Riesgo
HLT,Servicios,2024,2,0.168789,0.705763,1.416906,2.398622,-0.051303,0.002845,26,Riesgo
HLT,Servicios,2024,3,0.158216,0.717875,1.393001,2.544524,-0.049018,-0.008192,25,Riesgo
HLT,Servicios,2024,4,0.384992,0.643664,1.553607,1.806337,0.248687,-0.011366,43,Observación
HLT,Servicios,2025,1,0.417059,0.6538,1.529519,1.888505,-0.034474,-0.006204,32,Riesgo
HLT,Servicios,2025,2,0.448186,0.643867,1.553116,1.807938,0.038178,0.009221,39,Riesgo
HLT,Servicios,2025,3,0.458595,0.645469,1.549262,1.820626,-0.014886,-0.010434,34,Riesgo
HLT,Servicios,2025,4,0.397263,0.597838,1.672695,1.486558,0.093158,-0.036313,47,Observación
HLT,Servicios,2026,1,0.31687,0.630661,1.585637,1.707543,-0.103688,-0.024031,28,Riesgo
TCB,Servicios,2013,2,1.376998,0.611829,1.634444,1.576184,0.052878,-0.034638,72,Saludable
TCB,Servicios,2013,3,1.160348,0.611726,1.63472,1.575498,0.02946,0.029185,59,Observación
TCB,Servicios,2013,4,0.99011,0.62329,1.60439,1.654561,0.071943,0.10485,53,Observación
TCB,Servicios,2014,1,0.862798,0.621286,1.609566,1.640513,0.002721,-0.002586,41,Observación
TCB,Servicios,2014,2,0.802242,0.594914,1.680915,1.468612,0.085886,0.015194,47,Observación
TCB,Servicios,2014,3,0.743811,0.612372,1.632994,1.579793,-0.001623,0.043342,38,Riesgo
TCB,Servicios,2014,4,0.784488,0.609026,1.641965,1.557718,0.025161,0.016389,41,Observación
TCB,Servicios,2015,1,0.780533,0.618301,1.617335,1.619865,0.062886,0.088712,43,Observación
TCB,Servicios,2015,2,0.780699,0.592113,1.688866,1.451661,0.022007,-0.043609,42,Observación
TCB,Servicios,2015,3,0.774477,0.587046,1.703445,1.421575,0.007761,-0.004606,42,Observación
TCB,Servicios,2015,4,0.907266,0.652423,1.532747,1.877063,-0.093778,0.076679,33,Riesgo
TCB,Servicios,2016,1,1.02923,0.639424,1.563907,1.773342,0.047379,0.00962,51,Observación
TCB,Servicios,2016,2,0.898505,0.639832,1.562909,1.776485,-0.065907,-0.064849,35,Riesgo
TCB,Servicios,2016,3,1.149926,0.656061,1.524249,1.907488,0.052927,0.102607,56,Observación
TCB,Servicios,2016,4,0.968393,0.657055,1.521942,1.915924,0.015129,0.018075,44,Observación
TCB,Servicios,2017,1,1.128387,0.627642,1.593266,1.685584,0.099761,0.012886,61,Saludable
TCB,Servicios,2017,2,0.989951,0.60831,1.643899,1.55304,-0.000474,-0.049804,48,Observación
TCB,Servicios,2017,3,0.858474,0.599454,1.668185,1.496591,0.054064,0.030758,47,Observación
TCB,Servicios,2017,4,0.883931,0.669078,1.494594,2.021859,-0.076556,0.117731,31,Riesgo
TCB,Servicios,2018,1,0.925497,0.666895,1.499486,2.002057,0.008541,0.001932,40,Observación
TCB,Servicios,2018,2,0.594568,0.672391,1.487229,2.052421,-0.040827,-0.024735,30,Riesgo
TCB,Servicios,2018,3,0.414956,0.66756,1.497994,2.008056,-0.010591,-0.024972,32,Riesgo
TCB,Servicios,2018,4,0.478406,0.700984,1.426566,2.344305,-0.097605,0.003268,22,Riesgo
TCB,Servicios,2019,1,0.553191,0.699633,1.429321,2.329256,0.039422,0.034745,33,Riesgo
TCB,Servicios,2019,2,0.456509,0.688273,1.452913,2.207931,0.034153,-0.003534,34,Riesgo
TCB,Servicios,2019,3,0.540113,0.714087,1.40039,2.497563,-0.060542,0.024278,24,Riesgo
TCB,Servicios,2019,4,0.452503,0.70384,1.420778,2.376552,0.034826,-0.000977,33,Riesgo
TCB,Servicios,2020,1,0.494925,0.697303,1.434097,2.303634,0.009077,-0.012714,31,Riesgo
TCB,Servicios,2020,2,0.579691,0.732953,1.364343,2.744664,-0.058563,0.067117,23,Riesgo
TCB,Servicios,2020,3,0.451528,0.719461,1.38993,2.564566,-0.024563,-0.071477,27,Riesgo
TCB,Servicios,2020,4,0.549874,0.693177,1.442633,2.259207,0.10438,0.009774,39,Riesgo
TCB,Servicios,2021,1,0.613533,0.700479,1.427595,2.33866,-0.026814,-0.00309,28,Riesgo
TCB,Servicios,2021,2,0.64736,0.703447,1.421572,2.372076,-0.022139,-0.012352,28,Riesgo
TCB,Servicios,2021,3,0.491176,0.693058,1.442881,2.257943,0.003386,-0.030575,31,Riesgo
TCB,Servicios,2021,4,0.536165,0.692985,1.443033,2.257165,0.045291,0.045041,35,Riesgo
TCB,Servicios,2022,1,0.623416,0.686905,1.455806,2.193918,0.004618,-0.014889,32,Riesgo
TCB,Servicios,2022,2,0.650585,0.684933,1.459996,2.173931,0.008222,0.001913,32,Riesgo
TCB,Servicios,2022,3,0.470087,0.67386,1.483988,2.066168,-0.007291,-0.040996,32,Riesgo
TCB,Servicios,2023,1,0.430808,0.670535,1.491347,2.035223,-0.021968,-0.031839,31,Riesgo
TCB,Servicios,2023,2,0.464526,0.669217,1.494284,2.023127,-0.010003,-0.013949,32,Riesgo
TCB,Servicios,2023,3,0.369897,0.656881,1.522346,1.914438,-0.004396,-0.04019,34,Riesgo
TCB,Servicios,2023,4,0.730602,0.633645,1.578171,1.72959,0.185259,0.110084,44,Observación
TCB,Servicios,2024,2,0.550887,0.620551,1.611471,1.635399,0.027292,-0.008157,40,Observación
TCB,Servicios,2024,3,0.469556,0.595197,1.680116,1.470338,-0.008817,-0.070897,39,Riesgo
TCB,Servicios,2024,4,0.470242,0.583892,1.712645,1.403223,0.039501,0.011259,44,Observación
TCB,Servicios,2025,1,0.557629,0.577072,1.732885,1.364471,0.042126,0.025322,45,Observación
TCB,Servicios,2025,2,0.636758,0.595522,1.679198,1.472325,-0.006879,0.038422,40,Observación
TCB,Servicios,2025,3,0.623355,0.582999,1.715268,1.398078,0.018481,-0.012106,43,Observación
TCB,Servicios,2025,4,0.620566,0.563234,1.77546,1.289557,0.054377,0.006664,48,Observación
TCB,Servicios,2026,1,0.672121,0.526408,1.899668,1.111521,0.115007,0.028304,55,Observación
TAE,Comercio,2020,4,1.226533,0.749846,1.333607,2.997539,0.28021,0.159587,55,Observación
TAE,Comercio,2021,1,1.320861,0.759313,1.316981,3.154843,0.097664,0.140864,59,Observación
TAE,Comercio,2021,2,1.358496,0.749811,1.333669,2.99698,0.027564,-0.011484,56,Observación
TAE,Comercio,2021,3,1.418399,0.740965,1.349591,2.860485,0.01738,-0.017363,59,Observación
TAE,Comercio,2021,4,2.264204,0.699071,1.430469,2.323046,0.262795,0.086994,73,Saludable
TAE,Comercio,2022,1,1.499342,0.700604,1.42734,2.340057,0.038867,0.044185,68,Saludable
TAE,Comercio,2022,2,2.007323,0.750737,1.332025,3.011875,0.026978,0.233549,63,Saludable
TAE,Comercio,2022,3,1.940862,0.756538,1.321811,3.107416,-0.008605,0.015001,60,Saludable
TAE,Comercio,2022,4,1.845872,0.764149,1.308646,3.239959,0.03747,0.070948,63,Saludable
TAE,Comercio,2023,1,1.752438,0.751725,1.330274,3.027835,0.10874,0.053274,69,Saludable
TAE,Comercio,2023,2,1.569742,0.736728,1.357354,2.798346,0.086865,0.024936,69,Saludable
TAE,Comercio,2023,3,1.546843,0.732548,1.365098,2.739028,0.00309,-0.012571,63,Saludable
TAE,Comercio,2023,4,1.410814,0.755017,1.324473,3.081917,-0.103084,-0.020835,48,Observación
TAE,Comercio,2024,1,1.575337,0.707786,1.412856,2.422154,0.143266,-0.04152,73,Saludable
TAE,Comercio,2024,2,1.523809,0.705447,1.417541,2.394976,0.002713,-0.00525,65,Saludable
TAE,Comercio,2024,3,1.614112,0.689156,1.45105,2.217047,0.003847,-0.048764,67,Saludable
TAE,Comercio,2024,4,1.371312,0.739498,1.352268,2.838748,-0.047409,0.136681,52,Observación
TAE,Comercio,2025,1,1.367736,0.741159,1.349237,2.863382,0.003905,0.010347,55,Observación
TAE,Comercio,2025,2,1.701797,0.698947,1.430724,2.321672,0.083347,-0.068556,72,Saludable
TAE,Comercio,2025,3,1.635794,0.687429,1.454695,2.199275,0.097196,0.056766,74,Saludable
TAE,Comercio,2025,4,1.829422,0.68146,1.467438,2.139322,0.033014,0.013655,70,Saludable
TAE,Comercio,2026,1,2.034097,0.656004,1.524382,1.907007,0.003818,-0.070466,70,Saludable
PLR,Industrial,2013,2,1.102631,0.523645,1.90969,1.099275,-0.244042,-0.000309,51,Observación
PLR,Industrial,2013,3,1.52948,0.309707,3.22886,0.44866,0.166427,-0.195076,100,Excelente
PLR,Industrial,2013,4,1.679683,0.324361,3.082982,0.480081,0.148564,0.173475,100,Excelente
PLR,Industrial,2014,1,2.148112,0.279463,3.578286,0.387852,0.09082,0.022843,99,Excelente
PLR,Industrial,2014,2,2.052178,0.331977,3.012256,0.496955,0.068679,0.152695,97,Excelente
PLR,Industrial,2014,3,1.529941,0.396118,2.524503,0.655951,-0.202061,-0.117309,80,Excelente
PLR,Industrial,2014,4,1.871703,0.310824,3.217258,0.451005,0.127042,-0.012448,100,Excelente
PLR,Industrial,2015,1,2.168324,0.286272,3.493187,0.401093,0.056431,0.020096,97,Excelente
PLR,Industrial,2015,2,2.229501,0.292547,3.41825,0.413524,0.0993,0.109057,100,Excelente
PLR,Industrial,2015,3,1.518355,0.360152,2.776606,0.562871,-0.265098,-0.187454,80,Excelente
PLR,Industrial,2015,4,2.237792,0.245001,4.08162,0.324505,0.082881,-0.082278,99,Excelente
PLR,Industrial,2016,1,2.248777,0.272718,3.666788,0.374983,0.067471,0.108153,97,Excelente
PLR,Industrial,2016,2,2.491431,0.292042,3.424171,0.412512,0.096749,0.126684,100,Excelente
PLR,Industrial,2016,3,1.907633,0.256408,3.900028,0.344824,-0.147751,-0.188591,80,Excelente
PLR,Industrial,2016,4,2.2045,0.22543,4.435964,0.291039,0.11833,0.073603,100,Excelente
PLR,Industrial,2017,1,2.043877,0.275381,3.631331,0.380038,0.085132,0.159941,99,Excelente
PLR,Industrial,2017,2,2.02493,0.285713,3.500012,0.399998,0.075268,0.090816,98,Excelente
PLR,Industrial,2017,3,1.884599,0.249202,4.012802,0.331917,-0.228569,-0.266083,80,Excelente
PLR,Industrial,2017,4,1.542088,0.341797,2.925716,0.519287,0.113157,0.269753,100,Excelente
PLR,Industrial,2018,1,1.702076,0.33096,3.021512,0.494679,0.07245,0.05508,98,Excelente
PLR,Industrial,2018,2,1.022569,0.52083,1.920013,1.086949,-0.244569,0.054776,47,Observación
PLR,Industrial,2018,3,1.185607,0.434536,2.301306,0.768459,0.096023,-0.071244,82,Excelente
PLR,Industrial,2018,4,1.331039,0.366241,2.730439,0.577885,0.093597,-0.024255,91,Excelente
PLR,Industrial,2019,1,1.587785,0.303196,3.298194,0.435124,0.08427,-0.013826,99,Excelente
PLR,Industrial,2019,2,0.958476,0.528733,1.891313,1.121941,-0.225294,0.145462,43,Observación
PLR,Industrial,2019,3,1.235193,0.551219,1.814162,1.228257,0.119327,0.175409,74,Saludable
PLR,Industrial,2019,4,1.246857,0.521256,1.918443,1.088793,0.064028,-0.002571,75,Saludable
PLR,Industrial,2020,1,1.219378,0.528028,1.893838,1.118771,0.032512,0.047333,71,Saludable
PLR,Industrial,2020,2,1.274076,0.501521,1.993935,1.006096,0.011812,-0.041998,74,Saludable
PLR,Industrial,2020,3,0.944208,0.570167,1.753872,1.326475,-0.236251,-0.114278,38,Riesgo
PLR,Industrial,2020,4,1.076781,0.509861,1.96132,1.040236,0.021406,-0.10426,64,Saludable
PLR,Industrial,2021,1,1.144912,0.518962,1.926922,1.07884,0.101251,0.122088,73,Saludable
PLR,Industrial,2021,2,0.845189,0.666737,1.499842,2.000633,-0.190286,0.168755,24,Riesgo
PLR,Industrial,2021,3,0.918071,0.606249,1.649488,1.539675,0.058365,-0.104221,50,Observación
PLR,Industrial,2021,4,0.954189,0.582576,1.716515,1.395654,0.087699,0.02602,56,Observación
PLR,Industrial,2022,1,1.218302,0.49684,2.01272,0.987433,0.081415,-0.102865,78,Saludable
PLR,Industrial,2022,2,1.192727,0.537484,1.860521,1.162086,0.074172,0.168573,72,Saludable
PLR,Industrial,2022,3,1.079248,0.605467,1.651617,1.534645,-0.153101,-0.007168,41,Observación
PLR,Industrial,2022,4,1.060868,0.560753,1.783316,1.276624,0.127502,0.012725,65,Saludable
PLR,Industrial,2023,1,1.069337,0.470947,2.123382,0.890169,0.131458,-0.060606,74,Saludable
PLR,Industrial,2023,2,1.183604,0.456691,2.189664,0.840578,0.104292,0.075322,80,Excelente
PLR,Industrial,2023,3,1.064617,0.561418,1.781205,1.280073,-0.184466,0.010265,45,Observación
PLR,Industrial,2023,4,1.155334,0.441709,2.263935,0.79118,0.106594,-0.130682,80,Excelente
PLR,Industrial,2024,2,1.692037,0.36032,2.775309,0.563282,0.060641,-0.074307,97,Excelente
PLR,Industrial,2024,3,1.656994,0.580323,1.723179,1.382783,-0.257456,0.1318,65,Saludable
PLR,Industrial,2024,4,1.888913,0.519751,1.924,1.082251,0.090459,-0.047077,90,Excelente
PLR,Industrial,2025,1,2.036267,0.423104,2.363485,0.733414,-0.009709,-0.175611,90,Excelente
PLR,Industrial,2025,2,1.760823,0.480475,2.081272,0.924837,-0.156723,-0.063599,74,Saludable
PLR,Industrial,2025,3,2.089654,0.43654,2.29074,0.774749,0.092706,0.007503,97,Excelente
PLR,Industrial,2025,4,2.308633,0.39424,2.536524,0.65082,0.165118,0.083759,100,Excelente
PLR,Industrial,2026,1,2.529898,0.381975,2.617971,0.618058,0.08299,0.061497,99,Excelente
TYS,Servicios,2013,2,1.425462,0.630132,1.58697,1.70366,0.011231,0.012621,69,Saludable
TYS,Servicios,2013,3,1.323639,0.646851,1.545952,1.831668,0.027123,0.075756,64,Saludable
TYS,Servicios,2013,4,1.270368,0.659701,1.515838,1.938591,0.020053,0.058569,59,Observación
TYS,Servicios,2014,1,1.358709,0.685702,1.45836,2.181689,0.030851,0.116129,62,Saludable
TYS,Servicios,2014,2,1.312673,0.685655,1.458459,2.181218,0.040213,0.04006,60,Saludable
TYS,Servicios,2014,3,1.251368,0.685124,1.45959,2.17585,0.037155,0.035404,57,Observación
TYS,Servicios,2014,4,1.245576,0.679094,1.47255,2.116179,0.056202,0.036358,59,Observación
TYS,Servicios,2015,1,1.245094,0.668071,1.496846,2.012691,0.001033,-0.032211,56,Observación
TYS,Servicios,2015,2,1.316715,0.635799,1.572823,1.745743,0.067848,-0.02677,67,Saludable
TYS,Servicios,2015,3,1.274459,0.635124,1.574496,1.740655,0.03183,0.029918,63,Saludable
TYS,Servicios,2015,4,1.243939,0.669453,1.493757,2.02529,-0.006228,0.096982,55,Observación
TYS,Servicios,2016,1,1.241359,0.655983,1.524431,1.90683,0.031195,-0.009184,59,Observación
TYS,Servicios,2016,2,1.212464,0.681299,1.467785,2.137733,-0.008193,0.07059,52,Observación
TYS,Servicios,2016,3,1.349643,0.647782,1.543729,1.839153,0.007993,-0.087925,63,Saludable
TYS,Servicios,2016,4,1.389173,0.652135,1.533425,1.874676,0.017526,0.030256,66,Saludable
TYS,Servicios,2017,1,1.479411,0.630906,1.585023,1.709333,0.00222,-0.055424,71,Saludable
TYS,Servicios,2017,2,1.439364,0.620435,1.611773,1.634592,0.001925,-0.025714,70,Saludable
TYS,Servicios,2017,3,1.407119,0.634209,1.576766,1.733805,-0.002607,0.034952,67,Saludable
TYS,Servicios,2017,4,1.552695,0.626951,1.595021,1.680614,0.014064,-0.005666,73,Saludable
TYS,Servicios,2018,1,1.483554,0.649946,1.538589,1.856707,0.013412,0.079985,70,Saludable
TYS,Servicios,2018,2,1.471099,0.639243,1.56435,1.77195,0.00139,-0.028321,70,Saludable
TYS,Servicios,2018,3,1.388671,0.646427,1.546965,1.82827,0.009761,0.030277,65,Saludable
TYS,Servicios,2018,4,1.376285,0.659304,1.516751,1.935166,0.008146,0.04625,63,Saludable
TYS,Servicios,2019,1,1.304837,0.671194,1.489881,2.041311,0.009479,0.045985,59,Observación
TYS,Servicios,2019,2,1.282859,0.660492,1.514023,1.945439,0.006971,-0.024773,59,Observación
TYS,Servicios,2019,3,1.272081,0.654284,1.528388,1.892553,0.01278,-0.005404,59,Observación
TYS,Servicios,2019,4,1.265441,0.644397,1.551838,1.81213,0.009741,-0.018333,59,Observación
TYS,Servicios,2020,1,1.248596,0.649788,1.538965,1.855407,0.015364,0.030989,59,Observación
TYS,Servicios,2020,2,1.236222,0.657223,1.521554,1.917346,-0.022613,-0.001411,54,Observación
TYS,Servicios,2020,3,1.254457,0.646463,1.546879,1.828559,-0.021871,-0.051639,56,Observación
TYS,Servicios,2020,4,1.308142,0.627559,1.593475,1.684987,0.019734,-0.032026,64,Saludable
TYS,Servicios,2021,1,1.413657,0.654707,1.5274,1.896093,0.018219,0.098277,67,Saludable
TYS,Servicios,2021,2,1.454685,0.625541,1.598616,1.670521,0.003694,-0.074482,70,Saludable
TYS,Servicios,2021,3,1.409029,0.620266,1.612211,1.633423,0.045936,0.031406,72,Saludable
TYS,Servicios,2021,4,1.184221,0.600178,1.666172,1.501114,0.030187,-0.021572,61,Saludable
TYS,Servicios,2022,1,1.13829,0.61403,1.628584,1.590878,0.026343,0.063178,57,Observación
TYS,Servicios,2022,2,1.092529,0.627244,1.594276,1.682719,-0.011122,0.023931,51,Observación
TYS,Servicios,2022,3,1.15201,0.630172,1.586868,1.703957,0.056047,0.064407,59,Observación
TYS,Servicios,2023,1,1.19063,0.639534,1.563638,1.774185,0.011835,0.038114,56,Observación
TYS,Servicios,2023,2,1.201304,0.636883,1.570146,1.753936,0.030025,0.022507,59,Observación
TYS,Servicios,2023,3,1.200329,0.643857,1.55314,1.807862,0.026793,0.046899,58,Observación
TYS,Servicios,2023,4,1.236491,0.628799,1.590333,1.693958,0.041495,-0.000754,62,Saludable
TYS,Servicios,2024,1,1.198589,0.62953,1.588488,1.699271,0.002439,0.004417,57,Observación
TYS,Servicios,2024,2,1.247706,0.625205,1.599476,1.668125,-0.031067,-0.042247,57,Observación
TYS,Servicios,2024,3,1.253426,0.613455,1.630111,1.587023,0.033461,0.002047,64,Saludable
TYS,Servicios,2024,4,1.343934,0.576764,1.73381,1.36275,0.145976,0.04663,77,Saludable
TYS,Servicios,2025,1,1.296848,0.594043,1.68338,1.463315,0.024079,0.067666,67,Saludable
TYS,Servicios,2025,2,1.29201,0.584588,1.710606,1.407249,0.054154,0.030161,70,Saludable
TYS,Servicios,2025,3,1.291171,0.593703,1.684344,1.461254,0.065182,0.089078,70,Saludable
TYS,Servicios,2025,4,1.27591,0.590577,1.693261,1.442459,0.042471,0.03451,68,Saludable
TYS,Servicios,2026,1,1.286089,0.58561,1.70762,1.413187,0.041899,0.029413,69,Saludable
EPA,Petroleras,2013,2,1.681335,0.301551,3.316185,0.431744,-0.022758,0.041873,90,Excelente
EPA,Petroleras,2013,3,2.096314,0.239932,4.167855,0.315671,0.055493,-0.030078,96,Excelente
EPA,Petroleras,2013,4,2.153559,0.24174,4.136671,0.318809,0.053708,0.056221,96,Excelente
EPA,Petroleras,2014,1,2.282371,0.238561,4.191802,0.313303,0.051376,0.046986,96,Excelente
EPA,Petroleras,2014,2,1.598514,0.353381,2.829807,0.546506,-0.128524,0.026224,82,Excelente
EPA,Petroleras,2014,3,2.374533,0.216019,4.629213,0.275542,0.051043,-0.133111,96,Excelente
EPA,Petroleras,2014,4,3.336189,0.146565,6.822921,0.171735,0.028859,-0.054872,94,Excelente
EPA,Petroleras,2015,1,3.304532,0.189941,5.264794,0.234478,-0.070428,-0.020652,86,Excelente
EPA,Petroleras,2015,2,2.127745,0.257884,3.877707,0.347499,-0.065227,0.020355,87,Excelente
EPA,Petroleras,2015,3,3.105479,0.167694,5.963231,0.201482,0.013775,-0.096079,93,Excelente
EPA,Petroleras,2015,4,2.895233,0.167192,5.981159,0.200756,0.006304,0.005697,93,Excelente
EPA,Petroleras,2016,1,3.130687,0.169748,5.891084,0.204454,0.001724,0.004809,92,Excelente
EPA,Petroleras,2016,2,3.042456,0.170424,5.867718,0.205435,-0.009964,-0.009158,91,Excelente
EPA,Petroleras,2016,3,3.956303,0.148072,6.753467,0.173808,0.004205,-0.022142,92,Excelente
EPA,Petroleras,2016,4,3.747447,0.144268,6.931536,0.16859,0.001757,-0.002696,92,Excelente
EPA,Petroleras,2017,1,3.635328,0.132506,7.546856,0.152745,0.001873,-0.011712,92,Excelente
EPA,Petroleras,2017,2,4.049888,0.12804,7.810063,0.146842,0.008534,0.003369,93,Excelente
EPA,Petroleras,2017,3,3.935407,0.13296,7.521085,0.153349,-0.002646,0.003013,92,Excelente
EPA,Petroleras,2017,4,4.620287,0.124048,8.061413,0.141615,0.001223,-0.008963,92,Excelente
EPA,Petroleras,2018,1,5.966458,0.122198,8.183456,0.139209,0.022856,0.0207,94,Excelente
EPA,Petroleras,2018,2,6.488026,0.117874,8.483621,0.133625,5.9e-05,-0.004843,92,Excelente
EPA,Petroleras,2018,3,4.481915,0.144454,6.922618,0.168844,-0.015653,0.014929,91,Excelente
EPA,Petroleras,2018,4,4.353038,0.150111,6.661744,0.176624,-0.004326,0.002302,92,Excelente
EPA,Petroleras,2019,1,4.645328,0.143564,6.965556,0.167629,0.040477,0.032523,95,Excelente
EPA,Petroleras,2019,2,4.290947,0.138982,7.19516,0.161416,0.008579,0.003213,93,Excelente
EPA,Petroleras,2019,3,4.242844,0.143377,6.974608,0.167375,0.009479,0.014658,93,Excelente
EPA,Petroleras,2019,4,3.006174,0.17711,5.646222,0.215229,-0.061953,-0.0235,87,Excelente
EPA,Petroleras,2020,1,4.283495,0.132981,7.51989,0.153377,-0.006833,-0.057383,91,Excelente
EPA,Petroleras,2020,2,4.785604,0.124817,8.011746,0.142618,0.001229,-0.008111,92,Excelente
EPA,Petroleras,2020,3,5.253326,0.116222,8.604187,0.131507,-0.070071,-0.079114,86,Excelente
EPA,Petroleras,2020,4,5.647529,0.115923,8.626402,0.131123,0.000788,0.00045,92,Excelente
EPA,Petroleras,2021,1,6.368096,0.122332,8.1745,0.139383,-0.000485,0.006813,92,Excelente
EPA,Petroleras,2021,2,5.133488,0.136538,7.323979,0.158128,-0.012345,0.003905,91,Excelente
EPA,Petroleras,2021,3,6.662179,0.124108,8.057467,0.141694,0.008498,-0.005813,93,Excelente
EPA,Petroleras,2021,4,5.539377,0.134923,7.411631,0.155967,-0.047168,-0.035256,88,Excelente
EPA,Petroleras,2022,1,5.465854,0.139556,7.165599,0.16219,0.006938,0.012359,93,Excelente
EPA,Petroleras,2022,2,4.183525,0.158695,6.301398,0.188629,-0.126668,-0.106801,82,Excelente
EPA,Petroleras,2022,3,4.848049,0.151518,6.599878,0.178575,0.022375,0.013727,94,Excelente
EPA,Petroleras,2022,4,5.594579,0.14607,6.846028,0.171056,0.005167,-0.001245,92,Excelente
EPA,Petroleras,2023,1,7.010739,0.145314,6.881639,0.170021,0.010538,0.009644,93,Excelente
EPA,Petroleras,2023,2,3.940563,0.179674,5.565644,0.219027,-0.037617,0.002692,89,Excelente
EPA,Petroleras,2023,3,6.999112,0.150261,6.655074,0.176832,-0.000686,-0.035276,92,Excelente
EPA,Petroleras,2023,4,6.741479,0.153682,6.506941,0.181589,-0.002507,0.001525,92,Excelente
EPA,Petroleras,2024,1,8.260582,0.14162,7.061165,0.164985,0.015791,0.001517,93,Excelente
EPA,Petroleras,2024,2,8.809123,0.141882,7.04812,0.165341,0.013477,0.013786,93,Excelente
EPA,Petroleras,2024,3,9.475015,0.140673,7.108707,0.163701,0.01145,0.010027,93,Excelente
EPA,Petroleras,2024,4,6.114311,0.174706,5.723915,0.211689,-0.060142,-0.021385,87,Excelente
EPA,Petroleras,2025,1,7.192468,0.16295,6.136833,0.194672,0.004631,-0.009477,92,Excelente
EPA,Petroleras,2025,2,4.632455,0.193898,5.15734,0.240538,-0.022682,0.014839,90,Excelente
EPA,Petroleras,2025,3,6.035246,0.171597,5.827599,0.207142,0.0146,-0.012714,93,Excelente
EPA,Petroleras,2025,4,6.35192,0.169522,5.898923,0.204126,-0.006983,-0.009464,91,Excelente
EPA,Petroleras,2026,1,7.768198,0.157982,6.329843,0.187623,0.002748,-0.010996,92,Excelente
PCH,Petroleras,2013,2,3.253736,0.247392,4.042169,0.328713,-0.007567,0.036918,91,Excelente
PCH,Petroleras,2013,3,4.539355,0.191763,5.214758,0.237262,0.041038,-0.030613,95,Excelente
PCH,Petroleras,2013,4,4.445967,0.19286,5.185097,0.238943,0.038965,0.040377,95,Excelente
PCH,Petroleras,2014,1,4.807243,0.192041,5.20721,0.237687,0.026382,0.025342,94,Excelente
PCH,Petroleras,2014,2,3.441138,0.225274,4.439041,0.290779,-0.00862,0.033906,91,Excelente
PCH,Petroleras,2014,3,5.629841,0.181159,5.520026,0.221238,0.026099,-0.029183,94,Excelente
PCH,Petroleras,2014,4,4.362629,0.189169,5.28628,0.233303,0.025551,0.035682,94,Excelente
PCH,Petroleras,2015,1,4.54165,0.187491,5.333587,0.230756,0.017068,0.014968,93,Excelente
PCH,Petroleras,2015,2,4.073144,0.192166,5.203827,0.237878,-0.00997,-0.00424,91,Excelente
PCH,Petroleras,2015,3,6.758664,0.161821,6.179682,0.193062,-0.000314,-0.036507,92,Excelente
PCH,Petroleras,2015,4,6.501122,0.160794,6.219142,0.191602,0.001443,0.000218,92,Excelente
PCH,Petroleras,2016,1,7.620558,0.127675,7.83239,0.146362,0.012885,-0.02557,93,Excelente
PCH,Petroleras,2016,2,4.272549,0.145226,6.885808,0.1699,-0.007777,0.012597,91,Excelente
PCH,Petroleras,2016,3,6.283687,0.123127,8.121687,0.140416,-0.005152,-0.030225,92,Excelente
PCH,Petroleras,2016,4,5.781535,0.114828,8.708714,0.129723,0.011249,0.001767,93,Excelente
PCH,Petroleras,2017,1,4.870702,0.123643,8.087789,0.141088,-0.011167,-0.001219,91,Excelente
PCH,Petroleras,2017,2,3.532621,0.116294,8.598892,0.131598,-0.003108,-0.011398,92,Excelente
PCH,Petroleras,2017,3,3.313962,0.117698,8.496311,0.133399,0.00178,0.003374,92,Excelente
PCH,Petroleras,2017,4,4.184033,0.109093,9.166514,0.122451,-0.094931,-0.103673,84,Excelente
PCH,Petroleras,2018,1,4.432315,0.095944,10.422743,0.106126,0.051821,0.036524,96,Excelente
PCH,Petroleras,2018,2,6.730996,0.085437,11.704565,0.093418,0.015372,0.003707,93,Excelente
PCH,Petroleras,2018,3,8.693488,0.083107,12.032652,0.09064,0.007834,0.005274,93,Excelente
PCH,Petroleras,2018,4,8.914116,0.072657,13.763393,0.078349,-0.003148,-0.014382,92,Excelente
PCH,Petroleras,2019,1,7.34228,0.079367,12.599735,0.086209,0.007382,0.014724,93,Excelente
PCH,Petroleras,2019,2,5.615499,0.098176,10.185792,0.108864,0.002956,0.023875,92,Excelente
PCH,Petroleras,2019,3,5.008053,0.102479,9.758097,0.11418,0.006625,0.011451,93,Excelente
PCH,Petroleras,2019,4,5.736448,0.097529,10.253359,0.108069,0.003265,-0.002237,92,Excelente
PCH,Petroleras,2020,1,5.871381,0.097304,10.277051,0.107793,0.002526,0.002276,92,Excelente
PCH,Petroleras,2020,2,7.938444,0.087765,11.394063,0.096209,0.005564,-0.004951,92,Excelente
PCH,Petroleras,2020,3,9.000074,0.087827,11.386021,0.096283,-0.013562,-0.013495,91,Excelente
PCH,Petroleras,2020,4,9.126797,0.089523,11.170264,0.098326,-0.006217,-0.004366,92,Excelente
PCH,Petroleras,2021,1,10.22089,0.085939,11.636225,0.094018,-0.019852,-0.023696,90,Excelente
PCH,Petroleras,2021,2,6.423455,0.101462,9.855942,0.112919,-0.031304,-0.014569,89,Excelente
PCH,Petroleras,2021,3,7.043035,0.09828,10.175009,0.108992,0.004281,0.000738,92,Excelente
PCH,Petroleras,2021,4,7.160286,0.100137,9.986342,0.11128,-0.001173,0.000888,92,Excelente
PCH,Petroleras,2022,1,7.567916,0.105057,9.518621,0.11739,-0.057988,-0.052808,87,Excelente
PCH,Petroleras,2022,2,8.001908,0.105799,9.451893,0.118317,0.006793,0.007628,93,Excelente
PCH,Petroleras,2022,3,10.25876,0.098701,10.13158,0.10951,0.021886,0.013839,94,Excelente
PCH,Petroleras,2022,4,9.115515,0.104155,9.601088,0.116264,0.016361,0.022548,93,Excelente
PCH,Petroleras,2023,1,7.590083,0.111536,8.965713,0.125538,0.004038,0.01238,92,Excelente
PCH,Petroleras,2023,2,7.791482,0.112561,8.884081,0.126838,-0.01085,-0.009708,91,Excelente
PCH,Petroleras,2023,3,8.020739,0.110975,9.01103,0.124828,-0.032691,-0.034417,89,Excelente
PCH,Petroleras,2023,4,6.467225,0.119873,8.342135,0.1362,0.003125,0.013267,92,Excelente
PCH,Petroleras,2024,1,7.264553,0.125876,7.944325,0.144002,-0.080602,-0.074288,86,Excelente
PCH,Petroleras,2024,2,7.609816,0.129203,7.739741,0.148374,-0.024451,-0.020724,90,Excelente
PCH,Petroleras,2024,3,8.237244,0.127884,7.819605,0.146636,-0.004227,-0.005733,92,Excelente
PCH,Petroleras,2024,4,4.841083,0.157104,6.365219,0.186386,-0.028194,0.005495,90,Excelente
PCH,Petroleras,2025,1,6.52315,0.141848,7.049804,0.165295,-0.000253,-0.018026,92,Excelente
PCH,Petroleras,2025,2,5.279227,0.160115,6.245496,0.19064,-0.059006,-0.038539,87,Excelente
PCH,Petroleras,2025,3,5.859038,0.155451,6.432876,0.184065,-0.000973,-0.00649,92,Excelente
PCH,Petroleras,2025,4,8.187163,0.142339,7.0255,0.165961,-0.004393,-0.019615,92,Excelente
PCH,Petroleras,2026,1,9.369953,0.154752,6.46194,0.183085,-0.11209,-0.09905,83,Excelente
TRD,Petroleras,2013,2,1.758173,0.268635,3.722521,0.367307,0.004343,0.017526,92,Excelente
TRD,Petroleras,2013,3,1.768884,0.265061,3.772723,0.360656,0.030104,0.025094,94,Excelente
TRD,Petroleras,2013,4,1.869256,0.253365,3.946868,0.339343,0.031339,0.015184,95,Excelente
TRD,Petroleras,2014,1,1.86129,0.248183,4.029291,0.33011,0.023508,0.016452,94,Excelente
TRD,Petroleras,2014,2,2.195531,0.237283,4.21437,0.311103,0.033798,0.019026,95,Excelente
TRD,Petroleras,2014,3,2.617367,0.239352,4.177951,0.314668,-0.003169,-0.000459,92,Excelente
TRD,Petroleras,2014,4,3.294846,0.246166,4.062295,0.326552,0.020583,0.029809,94,Excelente
TRD,Petroleras,2015,1,4.398114,0.234284,4.268322,0.305967,0.017148,0.001364,93,Excelente
TRD,Petroleras,2015,2,4.3014,0.233682,4.279313,0.304942,0.003679,0.002891,92,Excelente
TRD,Petroleras,2015,3,4.829503,0.227802,4.389786,0.295004,0.02329,0.015497,94,Excelente
TRD,Petroleras,2015,4,4.290675,0.207906,4.809859,0.262477,0.003738,-0.021473,92,Excelente
TRD,Petroleras,2016,1,4.781899,0.201737,4.956952,0.25272,0.016824,0.008965,93,Excelente
TRD,Petroleras,2016,2,5.200253,0.202188,4.945895,0.253428,0.007376,0.007945,93,Excelente
TRD,Petroleras,2016,3,5.193023,0.199714,5.00716,0.249553,0.014852,0.011715,93,Excelente
TRD,Petroleras,2016,4,4.569551,0.200457,4.988594,0.250715,0.013858,0.014801,93,Excelente
TRD,Petroleras,2017,1,5.352921,0.194194,5.149483,0.240994,0.019542,0.011618,94,Excelente
TRD,Petroleras,2017,3,6.205801,0.191329,5.226613,0.236596,0.020217,0.019111,94,Excelente
TRD,Petroleras,2017,4,5.944763,0.195634,5.111597,0.243214,0.006062,0.011446,92,Excelente
TRD,Petroleras,2018,1,4.620412,0.203297,4.918905,0.255173,0.000998,0.010627,92,Excelente
TRD,Petroleras,2018,2,7.696683,0.189657,5.27267,0.234046,0.023365,0.006139,94,Excelente
TRD,Petroleras,2018,3,8.782649,0.186571,5.359878,0.229364,0.017828,0.013967,93,Excelente
TRD,Petroleras,2018,4,8.195821,0.193165,5.17692,0.239411,0.003084,0.011282,92,Excelente
TRD,Petroleras,2019,1,5.614612,0.206663,4.838806,0.260498,-0.01163,0.005185,91,Excelente
TRD,Petroleras,2019,2,9.820009,0.191607,5.219021,0.237022,0.019219,0.000237,94,Excelente
TRD,Petroleras,2019,3,9.86237,0.193331,5.172479,0.239666,0.01446,0.016628,93,Excelente
TRD,Petroleras,2019,4,12.52128,0.19052,5.248799,0.235361,0.019337,0.015797,94,Excelente
TRD,Petroleras,2020,1,12.803149,0.191359,5.225774,0.236643,0.001242,0.002282,92,Excelente
TRD,Petroleras,2020,2,12.799457,0.195354,5.118907,0.242783,0.004888,0.009877,92,Excelente
TRD,Petroleras,2020,3,11.297624,0.205997,4.854443,0.259441,-0.058426,-0.045805,87,Excelente
TRD,Petroleras,2020,4,11.666444,0.207992,4.807871,0.262614,0.012778,0.01533,93,Excelente
TRD,Petroleras,2021,1,13.476887,0.196647,5.085242,0.244784,0.004313,-0.00987,92,Excelente
TRD,Petroleras,2021,2,11.950019,0.202108,4.947849,0.253302,-0.010001,-0.003226,91,Excelente
TRD,Petroleras,2021,3,10.671056,0.203401,4.916389,0.255337,0.008098,0.009735,93,Excelente
TRD,Petroleras,2021,4,15.508601,0.204792,4.883012,0.257532,-0.029302,-0.027605,90,Excelente
TRD,Petroleras,2022,1,3.294247,0.26261,3.807923,0.356135,-0.066925,0.006238,87,Excelente
TRD,Petroleras,2022,2,1.729624,0.327091,3.057253,0.486085,-0.115369,-0.030601,83,Excelente
TRD,Petroleras,2022,3,4.056256,0.2514,3.977723,0.335827,0.005833,-0.095867,92,Excelente
TRD,Petroleras,2022,4,8.300401,0.236204,4.233625,0.30925,0.00616,-0.013858,92,Excelente
TRD,Petroleras,2023,1,7.875699,0.233839,4.276454,0.305208,0.005128,0.002024,92,Excelente
TRD,Petroleras,2023,2,9.556539,0.227928,4.387346,0.295216,0.009247,0.001521,93,Excelente
TRD,Petroleras,2023,3,8.91772,0.225057,4.443328,0.290417,0.000431,-0.003277,92,Excelente
TRD,Petroleras,2023,4,9.261279,0.220005,4.545357,0.282059,0.005266,-0.001245,92,Excelente
TRD,Petroleras,2024,1,11.449741,0.213493,4.683992,0.271445,0.00077,-0.007515,92,Excelente
TRD,Petroleras,2024,2,12.138269,0.219201,4.562023,0.280739,-0.051132,-0.044195,88,Excelente
TRD,Petroleras,2024,3,2.409488,0.297344,3.36311,0.423171,-0.278242,-0.197975,80,Excelente
TRD,Petroleras,2024,4,6.89936,0.221626,4.512098,0.28473,0.000451,-0.09687,92,Excelente
TRD,Petroleras,2025,1,2.594133,0.268654,3.722263,0.367341,-0.063215,-0.002977,87,Excelente
TRD,Petroleras,2025,2,7.001774,0.210355,4.753874,0.266391,0.031668,-0.0445,95,Excelente
TRD,Petroleras,2025,3,7.349968,0.199177,5.020669,0.248715,0.018879,0.004657,94,Excelente
TRD,Petroleras,2025,4,5.355656,0.202864,4.929406,0.254491,-0.093198,-0.089003,85,Excelente
TRD,Petroleras,2026,1,2.47541,0.221012,4.524646,0.283716,-0.016646,0.006262,91,Excelente
